"","Iteration","Chain","Parameter","value","rate"
"1",1,1,"mu_b1",0.639984815874353,"con"
"2",2,1,"mu_b1",0.653406028006384,"con"
"3",3,1,"mu_b1",0.687461888345505,"con"
"4",4,1,"mu_b1",0.690442924498981,"con"
"5",5,1,"mu_b1",0.638368493347593,"con"
"6",6,1,"mu_b1",0.664270832624307,"con"
"7",7,1,"mu_b1",0.635448338251216,"con"
"8",8,1,"mu_b1",0.625546986705808,"con"
"9",9,1,"mu_b1",0.66482528936104,"con"
"10",10,1,"mu_b1",0.690403689072524,"con"
"11",11,1,"mu_b1",0.657409883065101,"con"
"12",12,1,"mu_b1",0.678378855348961,"con"
"13",13,1,"mu_b1",0.664965888935606,"con"
"14",14,1,"mu_b1",0.635247615799636,"con"
"15",15,1,"mu_b1",0.662403838530022,"con"
"16",16,1,"mu_b1",0.684353817735677,"con"
"17",17,1,"mu_b1",0.617955391195932,"con"
"18",18,1,"mu_b1",0.618385339461707,"con"
"19",19,1,"mu_b1",0.590983249892136,"con"
"20",20,1,"mu_b1",0.632100394013945,"con"
"21",21,1,"mu_b1",0.619623671760915,"con"
"22",22,1,"mu_b1",0.645182560717008,"con"
"23",23,1,"mu_b1",0.639160994902945,"con"
"24",24,1,"mu_b1",0.631039414930629,"con"
"25",25,1,"mu_b1",0.649417204073832,"con"
"26",26,1,"mu_b1",0.568581304930515,"con"
"27",27,1,"mu_b1",0.610639797589639,"con"
"28",28,1,"mu_b1",0.64169150071714,"con"
"29",29,1,"mu_b1",0.694459153416392,"con"
"30",30,1,"mu_b1",0.602197418391616,"con"
"31",31,1,"mu_b1",0.651183333376086,"con"
"32",32,1,"mu_b1",0.679398770004002,"con"
"33",33,1,"mu_b1",0.588408006958367,"con"
"34",34,1,"mu_b1",0.598342444966803,"con"
"35",35,1,"mu_b1",0.635226618465846,"con"
"36",36,1,"mu_b1",0.589326696402178,"con"
"37",37,1,"mu_b1",0.543599492656042,"con"
"38",38,1,"mu_b1",0.568557887567487,"con"
"39",39,1,"mu_b1",0.590318927548365,"con"
"40",40,1,"mu_b1",0.632959344338838,"con"
"41",41,1,"mu_b1",0.59071268999628,"con"
"42",42,1,"mu_b1",0.603996589289601,"con"
"43",43,1,"mu_b1",0.652592884181796,"con"
"44",44,1,"mu_b1",0.655072132828191,"con"
"45",45,1,"mu_b1",0.654343477976423,"con"
"46",46,1,"mu_b1",0.673009755886899,"con"
"47",47,1,"mu_b1",0.668210668814503,"con"
"48",48,1,"mu_b1",0.593402128421241,"con"
"49",49,1,"mu_b1",0.595535176996822,"con"
"50",50,1,"mu_b1",0.623369031566872,"con"
"51",51,1,"mu_b1",0.490789461734641,"con"
"52",52,1,"mu_b1",0.588811769604331,"con"
"53",53,1,"mu_b1",0.634200052215923,"con"
"54",54,1,"mu_b1",0.694770482944236,"con"
"55",55,1,"mu_b1",0.558302163243936,"con"
"56",56,1,"mu_b1",0.660106950945092,"con"
"57",57,1,"mu_b1",0.586490961906675,"con"
"58",58,1,"mu_b1",0.736122610646984,"con"
"59",59,1,"mu_b1",0.601431768530841,"con"
"60",60,1,"mu_b1",0.621882843305603,"con"
"61",61,1,"mu_b1",0.64539771316057,"con"
"62",62,1,"mu_b1",0.607172199546523,"con"
"63",63,1,"mu_b1",0.638832842450441,"con"
"64",64,1,"mu_b1",0.527843668311154,"con"
"65",65,1,"mu_b1",0.792217416794048,"con"
"66",66,1,"mu_b1",0.619120090164277,"con"
"67",67,1,"mu_b1",0.621141478903911,"con"
"68",68,1,"mu_b1",0.694143043717593,"con"
"69",69,1,"mu_b1",0.5782947564983,"con"
"70",70,1,"mu_b1",0.643637959054916,"con"
"71",71,1,"mu_b1",0.557138157684035,"con"
"72",72,1,"mu_b1",0.551481795162283,"con"
"73",73,1,"mu_b1",0.576068433582723,"con"
"74",74,1,"mu_b1",0.660224655919502,"con"
"75",75,1,"mu_b1",0.750868592502718,"con"
"76",76,1,"mu_b1",0.663960391516168,"con"
"77",77,1,"mu_b1",0.685226760809437,"con"
"78",78,1,"mu_b1",0.656327885344396,"con"
"79",79,1,"mu_b1",0.604324685829785,"con"
"80",80,1,"mu_b1",0.606951881686139,"con"
"81",81,1,"mu_b1",0.646079803947579,"con"
"82",82,1,"mu_b1",0.612666318641342,"con"
"83",83,1,"mu_b1",0.622011557089289,"con"
"84",84,1,"mu_b1",0.674397818745989,"con"
"85",85,1,"mu_b1",0.529539201810945,"con"
"86",86,1,"mu_b1",0.587720978889978,"con"
"87",87,1,"mu_b1",0.637622584054812,"con"
"88",88,1,"mu_b1",0.616109851542733,"con"
"89",89,1,"mu_b1",0.629338902913237,"con"
"90",90,1,"mu_b1",0.695522061585055,"con"
"91",91,1,"mu_b1",0.595448749241334,"con"
"92",92,1,"mu_b1",0.583337624785663,"con"
"93",93,1,"mu_b1",0.520216391124445,"con"
"94",94,1,"mu_b1",0.590913874674568,"con"
"95",95,1,"mu_b1",0.615292849055766,"con"
"96",96,1,"mu_b1",0.628707779247231,"con"
"97",97,1,"mu_b1",0.645398059467345,"con"
"98",98,1,"mu_b1",0.615570153438032,"con"
"99",99,1,"mu_b1",0.606466613761607,"con"
"100",100,1,"mu_b1",0.638191977964053,"con"
"101",101,1,"mu_b1",0.580938385912797,"con"
"102",102,1,"mu_b1",0.613782937069847,"con"
"103",103,1,"mu_b1",0.6584480918776,"con"
"104",104,1,"mu_b1",0.668021700522747,"con"
"105",105,1,"mu_b1",0.617481051245401,"con"
"106",106,1,"mu_b1",0.662280241137481,"con"
"107",107,1,"mu_b1",0.617581792095601,"con"
"108",108,1,"mu_b1",0.652832243170374,"con"
"109",109,1,"mu_b1",0.651721028519695,"con"
"110",110,1,"mu_b1",0.587196813584352,"con"
"111",111,1,"mu_b1",0.578995943102346,"con"
"112",112,1,"mu_b1",0.648020463178799,"con"
"113",113,1,"mu_b1",0.596189701319925,"con"
"114",114,1,"mu_b1",0.599296951789842,"con"
"115",115,1,"mu_b1",0.626815880402184,"con"
"116",116,1,"mu_b1",0.632301525172915,"con"
"117",117,1,"mu_b1",0.638731737821504,"con"
"118",118,1,"mu_b1",0.643091023946035,"con"
"119",119,1,"mu_b1",0.67797058890878,"con"
"120",120,1,"mu_b1",0.651936479789156,"con"
"121",121,1,"mu_b1",0.557166923810937,"con"
"122",122,1,"mu_b1",0.642243400239336,"con"
"123",123,1,"mu_b1",0.684591589923807,"con"
"124",124,1,"mu_b1",0.683246188769757,"con"
"125",125,1,"mu_b1",0.65249908033045,"con"
"126",126,1,"mu_b1",0.647617777478852,"con"
"127",127,1,"mu_b1",0.637534626553956,"con"
"128",128,1,"mu_b1",0.677310234228006,"con"
"129",129,1,"mu_b1",0.641439818575229,"con"
"130",130,1,"mu_b1",0.616178611177467,"con"
"131",131,1,"mu_b1",0.616467648561221,"con"
"132",132,1,"mu_b1",0.660299115080782,"con"
"133",133,1,"mu_b1",0.638815630519959,"con"
"134",134,1,"mu_b1",0.648783287987563,"con"
"135",135,1,"mu_b1",0.594009730668809,"con"
"136",136,1,"mu_b1",0.610444399652262,"con"
"137",137,1,"mu_b1",0.690353717234102,"con"
"138",138,1,"mu_b1",0.638890965526322,"con"
"139",139,1,"mu_b1",0.665837425178848,"con"
"140",140,1,"mu_b1",0.680306434652286,"con"
"141",141,1,"mu_b1",0.625860534577723,"con"
"142",142,1,"mu_b1",0.628316049580911,"con"
"143",143,1,"mu_b1",0.640271756323229,"con"
"144",144,1,"mu_b1",0.592911401281422,"con"
"145",145,1,"mu_b1",0.584384560039544,"con"
"146",146,1,"mu_b1",0.693206253092237,"con"
"147",147,1,"mu_b1",0.620993795722245,"con"
"148",148,1,"mu_b1",0.612488266222072,"con"
"149",149,1,"mu_b1",0.70238132760174,"con"
"150",150,1,"mu_b1",0.581629216811408,"con"
"151",151,1,"mu_b1",0.662173193739199,"con"
"152",152,1,"mu_b1",0.594044125825506,"con"
"153",153,1,"mu_b1",0.649599904627255,"con"
"154",154,1,"mu_b1",0.63737515163024,"con"
"155",155,1,"mu_b1",0.604502214298014,"con"
"156",156,1,"mu_b1",0.596294292744652,"con"
"157",157,1,"mu_b1",0.623021183413294,"con"
"158",158,1,"mu_b1",0.641678230504751,"con"
"159",159,1,"mu_b1",0.601686649660214,"con"
"160",160,1,"mu_b1",0.576099011983078,"con"
"161",161,1,"mu_b1",0.598346040292004,"con"
"162",162,1,"mu_b1",0.622551023204202,"con"
"163",163,1,"mu_b1",0.622652363729233,"con"
"164",164,1,"mu_b1",0.642578970718513,"con"
"165",165,1,"mu_b1",0.600277611194447,"con"
"166",166,1,"mu_b1",0.60913195093582,"con"
"167",167,1,"mu_b1",0.557412268583537,"con"
"168",168,1,"mu_b1",0.666953630297924,"con"
"169",169,1,"mu_b1",0.604376850210504,"con"
"170",170,1,"mu_b1",0.569857271113402,"con"
"171",171,1,"mu_b1",0.628827295655466,"con"
"172",172,1,"mu_b1",0.657966784558458,"con"
"173",173,1,"mu_b1",0.620426857576273,"con"
"174",174,1,"mu_b1",0.662099915972418,"con"
"175",175,1,"mu_b1",0.71602152937424,"con"
"176",176,1,"mu_b1",0.582580258434661,"con"
"177",177,1,"mu_b1",0.641774918134841,"con"
"178",178,1,"mu_b1",0.613357511848314,"con"
"179",179,1,"mu_b1",0.628675654815317,"con"
"180",180,1,"mu_b1",0.587882703058548,"con"
"181",181,1,"mu_b1",0.637378825650509,"con"
"182",182,1,"mu_b1",0.641169756619356,"con"
"183",183,1,"mu_b1",0.607419879706491,"con"
"184",184,1,"mu_b1",0.535883547566677,"con"
"185",185,1,"mu_b1",0.594794561931054,"con"
"186",186,1,"mu_b1",0.640929587168859,"con"
"187",187,1,"mu_b1",0.679746128651325,"con"
"188",188,1,"mu_b1",0.596638307350772,"con"
"189",189,1,"mu_b1",0.632337099849776,"con"
"190",190,1,"mu_b1",0.618578431300356,"con"
"191",191,1,"mu_b1",0.58636509693166,"con"
"192",192,1,"mu_b1",0.607324581106632,"con"
"193",193,1,"mu_b1",0.588690049616749,"con"
"194",194,1,"mu_b1",0.581129028935459,"con"
"195",195,1,"mu_b1",0.67523598532557,"con"
"196",196,1,"mu_b1",0.672434890847109,"con"
"197",197,1,"mu_b1",0.717141781276379,"con"
"198",198,1,"mu_b1",0.633966247813493,"con"
"199",199,1,"mu_b1",0.630362366074931,"con"
"200",200,1,"mu_b1",0.640443816806792,"con"
"201",201,1,"mu_b1",0.611302432577867,"con"
"202",202,1,"mu_b1",0.651943733132645,"con"
"203",203,1,"mu_b1",0.6118039291942,"con"
"204",204,1,"mu_b1",0.724723257177052,"con"
"205",205,1,"mu_b1",0.745968131856991,"con"
"206",206,1,"mu_b1",0.687030064043833,"con"
"207",207,1,"mu_b1",0.630657079359967,"con"
"208",208,1,"mu_b1",0.64551221085638,"con"
"209",209,1,"mu_b1",0.645571035051923,"con"
"210",210,1,"mu_b1",0.640147046232,"con"
"211",211,1,"mu_b1",0.671211748870058,"con"
"212",212,1,"mu_b1",0.642919296522363,"con"
"213",213,1,"mu_b1",0.619192172746635,"con"
"214",214,1,"mu_b1",0.655337621381206,"con"
"215",215,1,"mu_b1",0.615517653221441,"con"
"216",216,1,"mu_b1",0.62713660619117,"con"
"217",217,1,"mu_b1",0.643553795534572,"con"
"218",218,1,"mu_b1",0.654347601731944,"con"
"219",219,1,"mu_b1",0.61497449794515,"con"
"220",220,1,"mu_b1",0.710736538819103,"con"
"221",221,1,"mu_b1",0.663277802373591,"con"
"222",222,1,"mu_b1",0.64505849885192,"con"
"223",223,1,"mu_b1",0.604058013551715,"con"
"224",224,1,"mu_b1",0.631746508134915,"con"
"225",225,1,"mu_b1",0.60117757339565,"con"
"226",226,1,"mu_b1",0.593675471566543,"con"
"227",227,1,"mu_b1",0.579493847841609,"con"
"228",228,1,"mu_b1",0.609872750929032,"con"
"229",229,1,"mu_b1",0.653878044686382,"con"
"230",230,1,"mu_b1",0.578336612767062,"con"
"231",231,1,"mu_b1",0.57085325476669,"con"
"232",232,1,"mu_b1",0.575512840847374,"con"
"233",233,1,"mu_b1",0.594146321452103,"con"
"234",234,1,"mu_b1",0.646625473461754,"con"
"235",235,1,"mu_b1",0.652833925946459,"con"
"236",236,1,"mu_b1",0.61124574825159,"con"
"237",237,1,"mu_b1",0.626419754369074,"con"
"238",238,1,"mu_b1",0.580713414524453,"con"
"239",239,1,"mu_b1",0.550602398681097,"con"
"240",240,1,"mu_b1",0.61096113291763,"con"
"241",241,1,"mu_b1",0.555014413561237,"con"
"242",242,1,"mu_b1",0.621447708519891,"con"
"243",243,1,"mu_b1",0.651894083336255,"con"
"244",244,1,"mu_b1",0.556248766278295,"con"
"245",245,1,"mu_b1",0.576419347193277,"con"
"246",246,1,"mu_b1",0.604562989065962,"con"
"247",247,1,"mu_b1",0.588489754489256,"con"
"248",248,1,"mu_b1",0.601824775869912,"con"
"249",249,1,"mu_b1",0.648867918475571,"con"
"250",250,1,"mu_b1",0.648930981388345,"con"
"251",251,1,"mu_b1",0.594173649424197,"con"
"252",252,1,"mu_b1",0.599652089313108,"con"
"253",253,1,"mu_b1",0.637421151416453,"con"
"254",254,1,"mu_b1",0.655329763861399,"con"
"255",255,1,"mu_b1",0.664085724029146,"con"
"256",256,1,"mu_b1",0.616882267723623,"con"
"257",257,1,"mu_b1",0.589477071663271,"con"
"258",258,1,"mu_b1",0.588787160018437,"con"
"259",259,1,"mu_b1",0.727481328391785,"con"
"260",260,1,"mu_b1",0.581704034152517,"con"
"261",261,1,"mu_b1",0.632502977891619,"con"
"262",262,1,"mu_b1",0.611427289460814,"con"
"263",263,1,"mu_b1",0.619136980560895,"con"
"264",264,1,"mu_b1",0.649350097160271,"con"
"265",265,1,"mu_b1",0.611764426704378,"con"
"266",266,1,"mu_b1",0.567190169962193,"con"
"267",267,1,"mu_b1",0.5849474638401,"con"
"268",268,1,"mu_b1",0.589205369044122,"con"
"269",269,1,"mu_b1",0.576903715983114,"con"
"270",270,1,"mu_b1",0.676269013324799,"con"
"271",271,1,"mu_b1",0.600406636501152,"con"
"272",272,1,"mu_b1",0.69487827173548,"con"
"273",273,1,"mu_b1",0.572425134632551,"con"
"274",274,1,"mu_b1",0.667999430913435,"con"
"275",275,1,"mu_b1",0.706737101476909,"con"
"276",276,1,"mu_b1",0.718868097240044,"con"
"277",277,1,"mu_b1",0.629344056293396,"con"
"278",278,1,"mu_b1",0.658021575549525,"con"
"279",279,1,"mu_b1",0.725865759702843,"con"
"280",280,1,"mu_b1",0.620399973243028,"con"
"281",281,1,"mu_b1",0.655981004265495,"con"
"282",282,1,"mu_b1",0.636321495797949,"con"
"283",283,1,"mu_b1",0.626232827732238,"con"
"284",284,1,"mu_b1",0.644687510944812,"con"
"285",285,1,"mu_b1",0.627773515863098,"con"
"286",286,1,"mu_b1",0.58626787149586,"con"
"287",287,1,"mu_b1",0.636566164582375,"con"
"288",288,1,"mu_b1",0.616078014905834,"con"
"289",289,1,"mu_b1",0.641537708513839,"con"
"290",290,1,"mu_b1",0.597242996237458,"con"
"291",291,1,"mu_b1",0.660382423335925,"con"
"292",292,1,"mu_b1",0.617275319838136,"con"
"293",293,1,"mu_b1",0.594638220565944,"con"
"294",294,1,"mu_b1",0.530458652320516,"con"
"295",295,1,"mu_b1",0.599889483166762,"con"
"296",296,1,"mu_b1",0.708587282729577,"con"
"297",297,1,"mu_b1",0.61244053788601,"con"
"298",298,1,"mu_b1",0.644311387708923,"con"
"299",299,1,"mu_b1",0.630876904995782,"con"
"300",300,1,"mu_b1",0.596416699402454,"con"
"301",301,1,"mu_b1",0.58048254272512,"con"
"302",302,1,"mu_b1",0.652097850590228,"con"
"303",303,1,"mu_b1",0.647882063562029,"con"
"304",304,1,"mu_b1",0.552060347320788,"con"
"305",305,1,"mu_b1",0.572369496465458,"con"
"306",306,1,"mu_b1",0.621839265812967,"con"
"307",307,1,"mu_b1",0.645066300951411,"con"
"308",308,1,"mu_b1",0.673239117812888,"con"
"309",309,1,"mu_b1",0.724078693821509,"con"
"310",310,1,"mu_b1",0.698756761935671,"con"
"311",311,1,"mu_b1",0.674915807703361,"con"
"312",312,1,"mu_b1",0.67912755522536,"con"
"313",313,1,"mu_b1",0.698643394787088,"con"
"314",314,1,"mu_b1",0.641969338279193,"con"
"315",315,1,"mu_b1",0.649559273552387,"con"
"316",316,1,"mu_b1",0.683280382037962,"con"
"317",317,1,"mu_b1",0.681089233623749,"con"
"318",318,1,"mu_b1",0.557980450504079,"con"
"319",319,1,"mu_b1",0.593431185418621,"con"
"320",320,1,"mu_b1",0.61550958524143,"con"
"321",321,1,"mu_b1",0.652978755086103,"con"
"322",322,1,"mu_b1",0.621250372187973,"con"
"323",323,1,"mu_b1",0.594749603426515,"con"
"324",324,1,"mu_b1",0.569037997498568,"con"
"325",325,1,"mu_b1",0.689408596599162,"con"
"326",326,1,"mu_b1",0.633982658163274,"con"
"327",327,1,"mu_b1",0.593891438771779,"con"
"328",328,1,"mu_b1",0.55817570842221,"con"
"329",329,1,"mu_b1",0.683826560981921,"con"
"330",330,1,"mu_b1",0.625365012419898,"con"
"331",331,1,"mu_b1",0.649635913986875,"con"
"332",332,1,"mu_b1",0.721402130977225,"con"
"333",333,1,"mu_b1",0.680632766985655,"con"
"334",334,1,"mu_b1",0.589079235395601,"con"
"335",335,1,"mu_b1",0.628077648530142,"con"
"336",336,1,"mu_b1",0.675526046231499,"con"
"337",337,1,"mu_b1",0.695534117138104,"con"
"338",338,1,"mu_b1",0.736728748454384,"con"
"339",339,1,"mu_b1",0.6378648165301,"con"
"340",340,1,"mu_b1",0.67873687732357,"con"
"341",1,2,"mu_b1",0.515718355276142,"con"
"342",2,2,"mu_b1",0.58602235430042,"con"
"343",3,2,"mu_b1",0.640720742866116,"con"
"344",4,2,"mu_b1",0.567301255938192,"con"
"345",5,2,"mu_b1",0.695486238583922,"con"
"346",6,2,"mu_b1",0.607630238158178,"con"
"347",7,2,"mu_b1",0.677742797071043,"con"
"348",8,2,"mu_b1",0.660171055680177,"con"
"349",9,2,"mu_b1",0.579409119309131,"con"
"350",10,2,"mu_b1",0.63784801589527,"con"
"351",11,2,"mu_b1",0.681229554427093,"con"
"352",12,2,"mu_b1",0.736602276455266,"con"
"353",13,2,"mu_b1",0.675274941741555,"con"
"354",14,2,"mu_b1",0.710461944008165,"con"
"355",15,2,"mu_b1",0.64336416812252,"con"
"356",16,2,"mu_b1",0.656005215617219,"con"
"357",17,2,"mu_b1",0.59808209899073,"con"
"358",18,2,"mu_b1",0.586574582810253,"con"
"359",19,2,"mu_b1",0.601997559389486,"con"
"360",20,2,"mu_b1",0.606475253629372,"con"
"361",21,2,"mu_b1",0.611787166765416,"con"
"362",22,2,"mu_b1",0.63077893163368,"con"
"363",23,2,"mu_b1",0.619920271140991,"con"
"364",24,2,"mu_b1",0.668186613676323,"con"
"365",25,2,"mu_b1",0.668934234234814,"con"
"366",26,2,"mu_b1",0.638672059190186,"con"
"367",27,2,"mu_b1",0.65409147217528,"con"
"368",28,2,"mu_b1",0.62708305163586,"con"
"369",29,2,"mu_b1",0.601077176511054,"con"
"370",30,2,"mu_b1",0.619035348780615,"con"
"371",31,2,"mu_b1",0.673683958688502,"con"
"372",32,2,"mu_b1",0.624409259072927,"con"
"373",33,2,"mu_b1",0.57806322908672,"con"
"374",34,2,"mu_b1",0.626798088257839,"con"
"375",35,2,"mu_b1",0.626350341484912,"con"
"376",36,2,"mu_b1",0.660173926350853,"con"
"377",37,2,"mu_b1",0.554000504031164,"con"
"378",38,2,"mu_b1",0.620959380910921,"con"
"379",39,2,"mu_b1",0.627505721863884,"con"
"380",40,2,"mu_b1",0.633404795939203,"con"
"381",41,2,"mu_b1",0.68426315092229,"con"
"382",42,2,"mu_b1",0.636312469645066,"con"
"383",43,2,"mu_b1",0.642691914289767,"con"
"384",44,2,"mu_b1",0.537389295936469,"con"
"385",45,2,"mu_b1",0.608194642532965,"con"
"386",46,2,"mu_b1",0.668730771963721,"con"
"387",47,2,"mu_b1",0.692168896762875,"con"
"388",48,2,"mu_b1",0.604845474668902,"con"
"389",49,2,"mu_b1",0.62485916771067,"con"
"390",50,2,"mu_b1",0.628432333673854,"con"
"391",51,2,"mu_b1",0.619920046874817,"con"
"392",52,2,"mu_b1",0.632167474356635,"con"
"393",53,2,"mu_b1",0.620750211264212,"con"
"394",54,2,"mu_b1",0.608477951048896,"con"
"395",55,2,"mu_b1",0.69398308115434,"con"
"396",56,2,"mu_b1",0.637597082341352,"con"
"397",57,2,"mu_b1",0.61810408532999,"con"
"398",58,2,"mu_b1",0.601814780042324,"con"
"399",59,2,"mu_b1",0.591757203901547,"con"
"400",60,2,"mu_b1",0.618809462814343,"con"
"401",61,2,"mu_b1",0.567890477735353,"con"
"402",62,2,"mu_b1",0.651810697019818,"con"
"403",63,2,"mu_b1",0.622466172105192,"con"
"404",64,2,"mu_b1",0.601909737186381,"con"
"405",65,2,"mu_b1",0.680880056156298,"con"
"406",66,2,"mu_b1",0.636099731852855,"con"
"407",67,2,"mu_b1",0.656870216038839,"con"
"408",68,2,"mu_b1",0.648685871472084,"con"
"409",69,2,"mu_b1",0.618705133986479,"con"
"410",70,2,"mu_b1",0.627513961659506,"con"
"411",71,2,"mu_b1",0.5853030569201,"con"
"412",72,2,"mu_b1",0.677113470425904,"con"
"413",73,2,"mu_b1",0.681209936228982,"con"
"414",74,2,"mu_b1",0.629522347353454,"con"
"415",75,2,"mu_b1",0.632513354076267,"con"
"416",76,2,"mu_b1",0.680139235323448,"con"
"417",77,2,"mu_b1",0.621764016454879,"con"
"418",78,2,"mu_b1",0.672855379537743,"con"
"419",79,2,"mu_b1",0.599090878361131,"con"
"420",80,2,"mu_b1",0.600938254799009,"con"
"421",81,2,"mu_b1",0.587958630441599,"con"
"422",82,2,"mu_b1",0.625325285049237,"con"
"423",83,2,"mu_b1",0.6362766932365,"con"
"424",84,2,"mu_b1",0.658807069928088,"con"
"425",85,2,"mu_b1",0.609253847861126,"con"
"426",86,2,"mu_b1",0.680718130834529,"con"
"427",87,2,"mu_b1",0.640707456923218,"con"
"428",88,2,"mu_b1",0.621621052658542,"con"
"429",89,2,"mu_b1",0.572367575339745,"con"
"430",90,2,"mu_b1",0.674674965895079,"con"
"431",91,2,"mu_b1",0.603051895837669,"con"
"432",92,2,"mu_b1",0.643568383882698,"con"
"433",93,2,"mu_b1",0.650461159455007,"con"
"434",94,2,"mu_b1",0.64232984944058,"con"
"435",95,2,"mu_b1",0.633730084397434,"con"
"436",96,2,"mu_b1",0.599865305720679,"con"
"437",97,2,"mu_b1",0.628656025049961,"con"
"438",98,2,"mu_b1",0.600713405383233,"con"
"439",99,2,"mu_b1",0.609603594689199,"con"
"440",100,2,"mu_b1",0.60817567268116,"con"
"441",101,2,"mu_b1",0.569536882465086,"con"
"442",102,2,"mu_b1",0.630188103703067,"con"
"443",103,2,"mu_b1",0.615888023719957,"con"
"444",104,2,"mu_b1",0.636538061421373,"con"
"445",105,2,"mu_b1",0.669455440109874,"con"
"446",106,2,"mu_b1",0.649088019771376,"con"
"447",107,2,"mu_b1",0.587403505116269,"con"
"448",108,2,"mu_b1",0.620213932786968,"con"
"449",109,2,"mu_b1",0.555252786939488,"con"
"450",110,2,"mu_b1",0.606433024550725,"con"
"451",111,2,"mu_b1",0.642612460533253,"con"
"452",112,2,"mu_b1",0.554090727091788,"con"
"453",113,2,"mu_b1",0.526953542984236,"con"
"454",114,2,"mu_b1",0.673209838637158,"con"
"455",115,2,"mu_b1",0.648333527918766,"con"
"456",116,2,"mu_b1",0.660814753107855,"con"
"457",117,2,"mu_b1",0.633553796921343,"con"
"458",118,2,"mu_b1",0.627217923955714,"con"
"459",119,2,"mu_b1",0.622707504633639,"con"
"460",120,2,"mu_b1",0.60268739849695,"con"
"461",121,2,"mu_b1",0.598378950228797,"con"
"462",122,2,"mu_b1",0.65900694444443,"con"
"463",123,2,"mu_b1",0.667524835578587,"con"
"464",124,2,"mu_b1",0.640685192056107,"con"
"465",125,2,"mu_b1",0.634674119852799,"con"
"466",126,2,"mu_b1",0.675024869917913,"con"
"467",127,2,"mu_b1",0.592187933442825,"con"
"468",128,2,"mu_b1",0.618722983601376,"con"
"469",129,2,"mu_b1",0.643614175686319,"con"
"470",130,2,"mu_b1",0.596742776803988,"con"
"471",131,2,"mu_b1",0.63196866207786,"con"
"472",132,2,"mu_b1",0.629676344730462,"con"
"473",133,2,"mu_b1",0.597469509100265,"con"
"474",134,2,"mu_b1",0.633167346688735,"con"
"475",135,2,"mu_b1",0.699430041928729,"con"
"476",136,2,"mu_b1",0.758102760766319,"con"
"477",137,2,"mu_b1",0.672544340579139,"con"
"478",138,2,"mu_b1",0.66449320098866,"con"
"479",139,2,"mu_b1",0.638538064680552,"con"
"480",140,2,"mu_b1",0.668985794373487,"con"
"481",141,2,"mu_b1",0.638510363386349,"con"
"482",142,2,"mu_b1",0.669777614440452,"con"
"483",143,2,"mu_b1",0.607382433523883,"con"
"484",144,2,"mu_b1",0.591979873133919,"con"
"485",145,2,"mu_b1",0.635353601184403,"con"
"486",146,2,"mu_b1",0.623220002994209,"con"
"487",147,2,"mu_b1",0.602183278754287,"con"
"488",148,2,"mu_b1",0.592657044074167,"con"
"489",149,2,"mu_b1",0.650069201075375,"con"
"490",150,2,"mu_b1",0.644660108346316,"con"
"491",151,2,"mu_b1",0.707060262738554,"con"
"492",152,2,"mu_b1",0.665452391339285,"con"
"493",153,2,"mu_b1",0.717854935308905,"con"
"494",154,2,"mu_b1",0.625670353167663,"con"
"495",155,2,"mu_b1",0.579899249663351,"con"
"496",156,2,"mu_b1",0.596288978061397,"con"
"497",157,2,"mu_b1",0.682145111108663,"con"
"498",158,2,"mu_b1",0.667540945276269,"con"
"499",159,2,"mu_b1",0.627578321242464,"con"
"500",160,2,"mu_b1",0.600480251509152,"con"
"501",161,2,"mu_b1",0.603008674340869,"con"
"502",162,2,"mu_b1",0.643042763806864,"con"
"503",163,2,"mu_b1",0.646933504678243,"con"
"504",164,2,"mu_b1",0.538441898520336,"con"
"505",165,2,"mu_b1",0.61499055050679,"con"
"506",166,2,"mu_b1",0.671008810865181,"con"
"507",167,2,"mu_b1",0.64494199729176,"con"
"508",168,2,"mu_b1",0.699426159377225,"con"
"509",169,2,"mu_b1",0.620526494690373,"con"
"510",170,2,"mu_b1",0.656034209159686,"con"
"511",171,2,"mu_b1",0.555663904504749,"con"
"512",172,2,"mu_b1",0.661158388868189,"con"
"513",173,2,"mu_b1",0.613182280413005,"con"
"514",174,2,"mu_b1",0.617507919705828,"con"
"515",175,2,"mu_b1",0.689633563463204,"con"
"516",176,2,"mu_b1",0.647520209939834,"con"
"517",177,2,"mu_b1",0.599659823764487,"con"
"518",178,2,"mu_b1",0.598139059478998,"con"
"519",179,2,"mu_b1",0.680779257183901,"con"
"520",180,2,"mu_b1",0.627295652175359,"con"
"521",181,2,"mu_b1",0.597713181854258,"con"
"522",182,2,"mu_b1",0.640515147333793,"con"
"523",183,2,"mu_b1",0.691992877981878,"con"
"524",184,2,"mu_b1",0.626609126819924,"con"
"525",185,2,"mu_b1",0.621607596884883,"con"
"526",186,2,"mu_b1",0.564464581223815,"con"
"527",187,2,"mu_b1",0.626893144637158,"con"
"528",188,2,"mu_b1",0.537825231581212,"con"
"529",189,2,"mu_b1",0.606036522939601,"con"
"530",190,2,"mu_b1",0.613710811004785,"con"
"531",191,2,"mu_b1",0.68612196815495,"con"
"532",192,2,"mu_b1",0.595475016161008,"con"
"533",193,2,"mu_b1",0.551120900368034,"con"
"534",194,2,"mu_b1",0.609604783648363,"con"
"535",195,2,"mu_b1",0.681013544017545,"con"
"536",196,2,"mu_b1",0.582541068289501,"con"
"537",197,2,"mu_b1",0.64357730793092,"con"
"538",198,2,"mu_b1",0.628745792614653,"con"
"539",199,2,"mu_b1",0.618578511841815,"con"
"540",200,2,"mu_b1",0.632812488465136,"con"
"541",201,2,"mu_b1",0.612169030740599,"con"
"542",202,2,"mu_b1",0.698669261455625,"con"
"543",203,2,"mu_b1",0.576766647000551,"con"
"544",204,2,"mu_b1",0.645524857006099,"con"
"545",205,2,"mu_b1",0.673621459220111,"con"
"546",206,2,"mu_b1",0.641586044592447,"con"
"547",207,2,"mu_b1",0.591986701874457,"con"
"548",208,2,"mu_b1",0.661719954207111,"con"
"549",209,2,"mu_b1",0.621347492714139,"con"
"550",210,2,"mu_b1",0.661106545412202,"con"
"551",211,2,"mu_b1",0.687380590699945,"con"
"552",212,2,"mu_b1",0.666783395338917,"con"
"553",213,2,"mu_b1",0.601735610118939,"con"
"554",214,2,"mu_b1",0.596560634195424,"con"
"555",215,2,"mu_b1",0.573662318127472,"con"
"556",216,2,"mu_b1",0.647263802435758,"con"
"557",217,2,"mu_b1",0.688529686106331,"con"
"558",218,2,"mu_b1",0.628195563745468,"con"
"559",219,2,"mu_b1",0.61621382844787,"con"
"560",220,2,"mu_b1",0.577632205412123,"con"
"561",221,2,"mu_b1",0.648336458891734,"con"
"562",222,2,"mu_b1",0.634810158218853,"con"
"563",223,2,"mu_b1",0.646813305018531,"con"
"564",224,2,"mu_b1",0.669712733144063,"con"
"565",225,2,"mu_b1",0.581176030123237,"con"
"566",226,2,"mu_b1",0.627701952244807,"con"
"567",227,2,"mu_b1",0.651363732664453,"con"
"568",228,2,"mu_b1",0.615166598652879,"con"
"569",229,2,"mu_b1",0.635075861907864,"con"
"570",230,2,"mu_b1",0.600732050804754,"con"
"571",231,2,"mu_b1",0.601446627641716,"con"
"572",232,2,"mu_b1",0.680566216968078,"con"
"573",233,2,"mu_b1",0.613332019783866,"con"
"574",234,2,"mu_b1",0.587474902953283,"con"
"575",235,2,"mu_b1",0.600691147505507,"con"
"576",236,2,"mu_b1",0.640064826643775,"con"
"577",237,2,"mu_b1",0.626508727964181,"con"
"578",238,2,"mu_b1",0.655487034410473,"con"
"579",239,2,"mu_b1",0.604057340808426,"con"
"580",240,2,"mu_b1",0.568263793298602,"con"
"581",241,2,"mu_b1",0.608078432421039,"con"
"582",242,2,"mu_b1",0.624161908876606,"con"
"583",243,2,"mu_b1",0.664245385888576,"con"
"584",244,2,"mu_b1",0.625340877054369,"con"
"585",245,2,"mu_b1",0.594120943498315,"con"
"586",246,2,"mu_b1",0.632868319968814,"con"
"587",247,2,"mu_b1",0.651521942741715,"con"
"588",248,2,"mu_b1",0.681140454696694,"con"
"589",249,2,"mu_b1",0.665284596258443,"con"
"590",250,2,"mu_b1",0.662409161831772,"con"
"591",251,2,"mu_b1",0.603174828141308,"con"
"592",252,2,"mu_b1",0.637934233553964,"con"
"593",253,2,"mu_b1",0.657286374927019,"con"
"594",254,2,"mu_b1",0.643370082283665,"con"
"595",255,2,"mu_b1",0.60024944541152,"con"
"596",256,2,"mu_b1",0.626117252393948,"con"
"597",257,2,"mu_b1",0.628329308882067,"con"
"598",258,2,"mu_b1",0.59337119334075,"con"
"599",259,2,"mu_b1",0.626997420623095,"con"
"600",260,2,"mu_b1",0.603808328094403,"con"
"601",261,2,"mu_b1",0.548519710900678,"con"
"602",262,2,"mu_b1",0.613487227816632,"con"
"603",263,2,"mu_b1",0.584034835529839,"con"
"604",264,2,"mu_b1",0.590338922532798,"con"
"605",265,2,"mu_b1",0.601777009394889,"con"
"606",266,2,"mu_b1",0.615447809042456,"con"
"607",267,2,"mu_b1",0.58890287212421,"con"
"608",268,2,"mu_b1",0.57810629903601,"con"
"609",269,2,"mu_b1",0.617818535270282,"con"
"610",270,2,"mu_b1",0.588168230283765,"con"
"611",271,2,"mu_b1",0.612316988404284,"con"
"612",272,2,"mu_b1",0.592274412487437,"con"
"613",273,2,"mu_b1",0.532907787004439,"con"
"614",274,2,"mu_b1",0.605550396696514,"con"
"615",275,2,"mu_b1",0.603919972026482,"con"
"616",276,2,"mu_b1",0.691072074037904,"con"
"617",277,2,"mu_b1",0.612349613296837,"con"
"618",278,2,"mu_b1",0.674843363769836,"con"
"619",279,2,"mu_b1",0.69256822122326,"con"
"620",280,2,"mu_b1",0.660283293018481,"con"
"621",281,2,"mu_b1",0.702677784694701,"con"
"622",282,2,"mu_b1",0.614954373762019,"con"
"623",283,2,"mu_b1",0.623413997121538,"con"
"624",284,2,"mu_b1",0.606906752205407,"con"
"625",285,2,"mu_b1",0.556311602292365,"con"
"626",286,2,"mu_b1",0.645853394758871,"con"
"627",287,2,"mu_b1",0.698437393949054,"con"
"628",288,2,"mu_b1",0.594328883146462,"con"
"629",289,2,"mu_b1",0.640488652755648,"con"
"630",290,2,"mu_b1",0.641139001071498,"con"
"631",291,2,"mu_b1",0.660287185615618,"con"
"632",292,2,"mu_b1",0.633046350217985,"con"
"633",293,2,"mu_b1",0.634307916289957,"con"
"634",294,2,"mu_b1",0.582881406644695,"con"
"635",295,2,"mu_b1",0.598197313137426,"con"
"636",296,2,"mu_b1",0.598994830940068,"con"
"637",297,2,"mu_b1",0.624066142286084,"con"
"638",298,2,"mu_b1",0.649424820919902,"con"
"639",299,2,"mu_b1",0.627160392291187,"con"
"640",300,2,"mu_b1",0.60898392014383,"con"
"641",301,2,"mu_b1",0.593299781191101,"con"
"642",302,2,"mu_b1",0.571049236589161,"con"
"643",303,2,"mu_b1",0.627344461047052,"con"
"644",304,2,"mu_b1",0.623705265938523,"con"
"645",305,2,"mu_b1",0.670425665985743,"con"
"646",306,2,"mu_b1",0.574417812140325,"con"
"647",307,2,"mu_b1",0.611940885470359,"con"
"648",308,2,"mu_b1",0.564149356786512,"con"
"649",309,2,"mu_b1",0.608153264847052,"con"
"650",310,2,"mu_b1",0.599177814776764,"con"
"651",311,2,"mu_b1",0.587333543629882,"con"
"652",312,2,"mu_b1",0.615074807856123,"con"
"653",313,2,"mu_b1",0.550327163854477,"con"
"654",314,2,"mu_b1",0.595833757624164,"con"
"655",315,2,"mu_b1",0.550697701685905,"con"
"656",316,2,"mu_b1",0.605279869138177,"con"
"657",317,2,"mu_b1",0.584181579809184,"con"
"658",318,2,"mu_b1",0.611313244579374,"con"
"659",319,2,"mu_b1",0.613094698399134,"con"
"660",320,2,"mu_b1",0.596355881107078,"con"
"661",321,2,"mu_b1",0.597164135336739,"con"
"662",322,2,"mu_b1",0.640329330861202,"con"
"663",323,2,"mu_b1",0.704774313428697,"con"
"664",324,2,"mu_b1",0.610406798136781,"con"
"665",325,2,"mu_b1",0.618843868087383,"con"
"666",326,2,"mu_b1",0.579103663617852,"con"
"667",327,2,"mu_b1",0.618186578611409,"con"
"668",328,2,"mu_b1",0.647948724563591,"con"
"669",329,2,"mu_b1",0.735648886745243,"con"
"670",330,2,"mu_b1",0.599565579241403,"con"
"671",331,2,"mu_b1",0.622269432974476,"con"
"672",332,2,"mu_b1",0.635020078108638,"con"
"673",333,2,"mu_b1",0.57303795237794,"con"
"674",334,2,"mu_b1",0.666323751973298,"con"
"675",335,2,"mu_b1",0.709518830050773,"con"
"676",336,2,"mu_b1",0.517318788732676,"con"
"677",337,2,"mu_b1",0.626548411239331,"con"
"678",338,2,"mu_b1",0.684552806405837,"con"
"679",339,2,"mu_b1",0.62940471745258,"con"
"680",340,2,"mu_b1",0.602833848153554,"con"
"681",1,3,"mu_b1",0.629864159878269,"con"
"682",2,3,"mu_b1",0.568301117878229,"con"
"683",3,3,"mu_b1",0.659593796510648,"con"
"684",4,3,"mu_b1",0.591113287176621,"con"
"685",5,3,"mu_b1",0.602386128820968,"con"
"686",6,3,"mu_b1",0.695936693668839,"con"
"687",7,3,"mu_b1",0.629763130029773,"con"
"688",8,3,"mu_b1",0.562715529782105,"con"
"689",9,3,"mu_b1",0.602247481236142,"con"
"690",10,3,"mu_b1",0.603666577948627,"con"
"691",11,3,"mu_b1",0.659310941794421,"con"
"692",12,3,"mu_b1",0.623700151391961,"con"
"693",13,3,"mu_b1",0.625392952959527,"con"
"694",14,3,"mu_b1",0.633602928057508,"con"
"695",15,3,"mu_b1",0.615440646839298,"con"
"696",16,3,"mu_b1",0.646290151612736,"con"
"697",17,3,"mu_b1",0.693957917598623,"con"
"698",18,3,"mu_b1",0.579784686983573,"con"
"699",19,3,"mu_b1",0.675119052108886,"con"
"700",20,3,"mu_b1",0.581606299524435,"con"
"701",21,3,"mu_b1",0.577425687038602,"con"
"702",22,3,"mu_b1",0.606889012826093,"con"
"703",23,3,"mu_b1",0.63724408604509,"con"
"704",24,3,"mu_b1",0.681259593252119,"con"
"705",25,3,"mu_b1",0.704934008101311,"con"
"706",26,3,"mu_b1",0.689358562299279,"con"
"707",27,3,"mu_b1",0.652425927959706,"con"
"708",28,3,"mu_b1",0.643498672479301,"con"
"709",29,3,"mu_b1",0.602353920959393,"con"
"710",30,3,"mu_b1",0.598635942910257,"con"
"711",31,3,"mu_b1",0.639192659346537,"con"
"712",32,3,"mu_b1",0.631198136219062,"con"
"713",33,3,"mu_b1",0.607006540704918,"con"
"714",34,3,"mu_b1",0.649830682633821,"con"
"715",35,3,"mu_b1",0.600655631998933,"con"
"716",36,3,"mu_b1",0.671233045516538,"con"
"717",37,3,"mu_b1",0.651368253919176,"con"
"718",38,3,"mu_b1",0.683349580244196,"con"
"719",39,3,"mu_b1",0.711131391569059,"con"
"720",40,3,"mu_b1",0.64265383858153,"con"
"721",41,3,"mu_b1",0.63331902841184,"con"
"722",42,3,"mu_b1",0.642457722870457,"con"
"723",43,3,"mu_b1",0.654256653796439,"con"
"724",44,3,"mu_b1",0.617097007338946,"con"
"725",45,3,"mu_b1",0.545363565282815,"con"
"726",46,3,"mu_b1",0.61758033913771,"con"
"727",47,3,"mu_b1",0.698306026899032,"con"
"728",48,3,"mu_b1",0.659072272567309,"con"
"729",49,3,"mu_b1",0.642071384357358,"con"
"730",50,3,"mu_b1",0.652242660272654,"con"
"731",51,3,"mu_b1",0.600451278948451,"con"
"732",52,3,"mu_b1",0.594489501432863,"con"
"733",53,3,"mu_b1",0.610007056740561,"con"
"734",54,3,"mu_b1",0.620906269888027,"con"
"735",55,3,"mu_b1",0.666515226010143,"con"
"736",56,3,"mu_b1",0.597056182335268,"con"
"737",57,3,"mu_b1",0.638166127777807,"con"
"738",58,3,"mu_b1",0.619283427789848,"con"
"739",59,3,"mu_b1",0.662980900508247,"con"
"740",60,3,"mu_b1",0.593964783505567,"con"
"741",61,3,"mu_b1",0.698563607968899,"con"
"742",62,3,"mu_b1",0.682118391462567,"con"
"743",63,3,"mu_b1",0.655087154570296,"con"
"744",64,3,"mu_b1",0.655225790888803,"con"
"745",65,3,"mu_b1",0.627708352685598,"con"
"746",66,3,"mu_b1",0.586799641622664,"con"
"747",67,3,"mu_b1",0.607474876061224,"con"
"748",68,3,"mu_b1",0.618118749073804,"con"
"749",69,3,"mu_b1",0.578562081237594,"con"
"750",70,3,"mu_b1",0.742350280401118,"con"
"751",71,3,"mu_b1",0.687256871059015,"con"
"752",72,3,"mu_b1",0.639177724493286,"con"
"753",73,3,"mu_b1",0.693684439718352,"con"
"754",74,3,"mu_b1",0.638360327726446,"con"
"755",75,3,"mu_b1",0.649744701497328,"con"
"756",76,3,"mu_b1",0.711182046050234,"con"
"757",77,3,"mu_b1",0.639176312836644,"con"
"758",78,3,"mu_b1",0.619974355442864,"con"
"759",79,3,"mu_b1",0.68004645126985,"con"
"760",80,3,"mu_b1",0.667601812268736,"con"
"761",81,3,"mu_b1",0.636663618158475,"con"
"762",82,3,"mu_b1",0.693618439312836,"con"
"763",83,3,"mu_b1",0.634443946439565,"con"
"764",84,3,"mu_b1",0.568536453339553,"con"
"765",85,3,"mu_b1",0.604291518003821,"con"
"766",86,3,"mu_b1",0.614082759240017,"con"
"767",87,3,"mu_b1",0.633966705970788,"con"
"768",88,3,"mu_b1",0.583514128603223,"con"
"769",89,3,"mu_b1",0.618894090670614,"con"
"770",90,3,"mu_b1",0.624543187975882,"con"
"771",91,3,"mu_b1",0.682403609071917,"con"
"772",92,3,"mu_b1",0.53936360462786,"con"
"773",93,3,"mu_b1",0.701931851519774,"con"
"774",94,3,"mu_b1",0.601843761745669,"con"
"775",95,3,"mu_b1",0.581025212219434,"con"
"776",96,3,"mu_b1",0.709674873327629,"con"
"777",97,3,"mu_b1",0.632778770365437,"con"
"778",98,3,"mu_b1",0.611013652860658,"con"
"779",99,3,"mu_b1",0.625864197399799,"con"
"780",100,3,"mu_b1",0.630887457431595,"con"
"781",101,3,"mu_b1",0.583363787925405,"con"
"782",102,3,"mu_b1",0.624535340332169,"con"
"783",103,3,"mu_b1",0.646486211865893,"con"
"784",104,3,"mu_b1",0.585293567919508,"con"
"785",105,3,"mu_b1",0.642094811310185,"con"
"786",106,3,"mu_b1",0.603019598956677,"con"
"787",107,3,"mu_b1",0.647510479613555,"con"
"788",108,3,"mu_b1",0.638604158947391,"con"
"789",109,3,"mu_b1",0.610989473377125,"con"
"790",110,3,"mu_b1",0.615453773533693,"con"
"791",111,3,"mu_b1",0.678560446394204,"con"
"792",112,3,"mu_b1",0.604842966190609,"con"
"793",113,3,"mu_b1",0.663655518632978,"con"
"794",114,3,"mu_b1",0.629535119658546,"con"
"795",115,3,"mu_b1",0.626277349413926,"con"
"796",116,3,"mu_b1",0.652695275548131,"con"
"797",117,3,"mu_b1",0.587735001126564,"con"
"798",118,3,"mu_b1",0.589490544697723,"con"
"799",119,3,"mu_b1",0.600600805539192,"con"
"800",120,3,"mu_b1",0.65145139083433,"con"
"801",121,3,"mu_b1",0.722403494925598,"con"
"802",122,3,"mu_b1",0.739402002991013,"con"
"803",123,3,"mu_b1",0.633534768669165,"con"
"804",124,3,"mu_b1",0.603954737052522,"con"
"805",125,3,"mu_b1",0.649030955313812,"con"
"806",126,3,"mu_b1",0.637013478780019,"con"
"807",127,3,"mu_b1",0.514400023120176,"con"
"808",128,3,"mu_b1",0.670617800123723,"con"
"809",129,3,"mu_b1",0.653113942084832,"con"
"810",130,3,"mu_b1",0.687570116971078,"con"
"811",131,3,"mu_b1",0.630927803618276,"con"
"812",132,3,"mu_b1",0.635653008209797,"con"
"813",133,3,"mu_b1",0.65598760022811,"con"
"814",134,3,"mu_b1",0.617079824869669,"con"
"815",135,3,"mu_b1",0.62942464061669,"con"
"816",136,3,"mu_b1",0.623811081689283,"con"
"817",137,3,"mu_b1",0.627243467687578,"con"
"818",138,3,"mu_b1",0.610642559235855,"con"
"819",139,3,"mu_b1",0.645492934769977,"con"
"820",140,3,"mu_b1",0.705518667913146,"con"
"821",141,3,"mu_b1",0.6052794294207,"con"
"822",142,3,"mu_b1",0.657728819920279,"con"
"823",143,3,"mu_b1",0.664512200357748,"con"
"824",144,3,"mu_b1",0.541776157217647,"con"
"825",145,3,"mu_b1",0.666985682623385,"con"
"826",146,3,"mu_b1",0.618084608029864,"con"
"827",147,3,"mu_b1",0.626180572650487,"con"
"828",148,3,"mu_b1",0.60746256752034,"con"
"829",149,3,"mu_b1",0.729964793307105,"con"
"830",150,3,"mu_b1",0.625662425399076,"con"
"831",151,3,"mu_b1",0.626579204605163,"con"
"832",152,3,"mu_b1",0.661964013200498,"con"
"833",153,3,"mu_b1",0.587371638086513,"con"
"834",154,3,"mu_b1",0.575620654492433,"con"
"835",155,3,"mu_b1",0.629461271192098,"con"
"836",156,3,"mu_b1",0.596871871578835,"con"
"837",157,3,"mu_b1",0.616001537193688,"con"
"838",158,3,"mu_b1",0.580105825784752,"con"
"839",159,3,"mu_b1",0.620605968264982,"con"
"840",160,3,"mu_b1",0.592521037028928,"con"
"841",161,3,"mu_b1",0.62431445728094,"con"
"842",162,3,"mu_b1",0.619084546471884,"con"
"843",163,3,"mu_b1",0.592182354547999,"con"
"844",164,3,"mu_b1",0.668696216587272,"con"
"845",165,3,"mu_b1",0.59972977855208,"con"
"846",166,3,"mu_b1",0.642544897770318,"con"
"847",167,3,"mu_b1",0.589717921934547,"con"
"848",168,3,"mu_b1",0.607035809877931,"con"
"849",169,3,"mu_b1",0.579508995316838,"con"
"850",170,3,"mu_b1",0.717932391571904,"con"
"851",171,3,"mu_b1",0.665428150839426,"con"
"852",172,3,"mu_b1",0.653809025431841,"con"
"853",173,3,"mu_b1",0.615216765725764,"con"
"854",174,3,"mu_b1",0.59029483904407,"con"
"855",175,3,"mu_b1",0.633907386587857,"con"
"856",176,3,"mu_b1",0.673491136983868,"con"
"857",177,3,"mu_b1",0.639561217882144,"con"
"858",178,3,"mu_b1",0.63816349946063,"con"
"859",179,3,"mu_b1",0.683198728850146,"con"
"860",180,3,"mu_b1",0.624737306184826,"con"
"861",181,3,"mu_b1",0.688762990143247,"con"
"862",182,3,"mu_b1",0.709059435969521,"con"
"863",183,3,"mu_b1",0.621023113718406,"con"
"864",184,3,"mu_b1",0.630451308827017,"con"
"865",185,3,"mu_b1",0.606604733923597,"con"
"866",186,3,"mu_b1",0.580704464764606,"con"
"867",187,3,"mu_b1",0.625409716008805,"con"
"868",188,3,"mu_b1",0.642489216603403,"con"
"869",189,3,"mu_b1",0.672553135862954,"con"
"870",190,3,"mu_b1",0.60276431012497,"con"
"871",191,3,"mu_b1",0.690814366111223,"con"
"872",192,3,"mu_b1",0.639089026145902,"con"
"873",193,3,"mu_b1",0.653168214718371,"con"
"874",194,3,"mu_b1",0.615472718494651,"con"
"875",195,3,"mu_b1",0.664623011830244,"con"
"876",196,3,"mu_b1",0.700144418988449,"con"
"877",197,3,"mu_b1",0.669276723808285,"con"
"878",198,3,"mu_b1",0.646913980089255,"con"
"879",199,3,"mu_b1",0.591557597675984,"con"
"880",200,3,"mu_b1",0.61858021530871,"con"
"881",201,3,"mu_b1",0.661364418833584,"con"
"882",202,3,"mu_b1",0.575620942305081,"con"
"883",203,3,"mu_b1",0.602110025895685,"con"
"884",204,3,"mu_b1",0.637592693118888,"con"
"885",205,3,"mu_b1",0.651126717039885,"con"
"886",206,3,"mu_b1",0.624938314367115,"con"
"887",207,3,"mu_b1",0.604651490099622,"con"
"888",208,3,"mu_b1",0.674695769401729,"con"
"889",209,3,"mu_b1",0.563141138097066,"con"
"890",210,3,"mu_b1",0.53751567212935,"con"
"891",211,3,"mu_b1",0.591147736071339,"con"
"892",212,3,"mu_b1",0.595130102167364,"con"
"893",213,3,"mu_b1",0.658554525668497,"con"
"894",214,3,"mu_b1",0.60234545964245,"con"
"895",215,3,"mu_b1",0.683960447046658,"con"
"896",216,3,"mu_b1",0.711295397764511,"con"
"897",217,3,"mu_b1",0.609985746388762,"con"
"898",218,3,"mu_b1",0.535136113293455,"con"
"899",219,3,"mu_b1",0.592636364203853,"con"
"900",220,3,"mu_b1",0.584182569893402,"con"
"901",221,3,"mu_b1",0.579071525558111,"con"
"902",222,3,"mu_b1",0.654395178921592,"con"
"903",223,3,"mu_b1",0.682665626062594,"con"
"904",224,3,"mu_b1",0.662194798617467,"con"
"905",225,3,"mu_b1",0.576793872816825,"con"
"906",226,3,"mu_b1",0.693570764580014,"con"
"907",227,3,"mu_b1",0.631466037934526,"con"
"908",228,3,"mu_b1",0.569874697660395,"con"
"909",229,3,"mu_b1",0.62164172774201,"con"
"910",230,3,"mu_b1",0.625906865729837,"con"
"911",231,3,"mu_b1",0.710645617084976,"con"
"912",232,3,"mu_b1",0.664593812765244,"con"
"913",233,3,"mu_b1",0.555826394296042,"con"
"914",234,3,"mu_b1",0.615003043471806,"con"
"915",235,3,"mu_b1",0.634735029519817,"con"
"916",236,3,"mu_b1",0.602099536262447,"con"
"917",237,3,"mu_b1",0.62818611862478,"con"
"918",238,3,"mu_b1",0.65567997380985,"con"
"919",239,3,"mu_b1",0.579163889598457,"con"
"920",240,3,"mu_b1",0.64066045272827,"con"
"921",241,3,"mu_b1",0.580168070566443,"con"
"922",242,3,"mu_b1",0.567238287869054,"con"
"923",243,3,"mu_b1",0.6482947904086,"con"
"924",244,3,"mu_b1",0.590334520261026,"con"
"925",245,3,"mu_b1",0.671490223862987,"con"
"926",246,3,"mu_b1",0.625565502431588,"con"
"927",247,3,"mu_b1",0.607749926585246,"con"
"928",248,3,"mu_b1",0.684513891154897,"con"
"929",249,3,"mu_b1",0.675870526285282,"con"
"930",250,3,"mu_b1",0.568630104158904,"con"
"931",251,3,"mu_b1",0.597957251326097,"con"
"932",252,3,"mu_b1",0.590657837241852,"con"
"933",253,3,"mu_b1",0.544114371454603,"con"
"934",254,3,"mu_b1",0.614182276139597,"con"
"935",255,3,"mu_b1",0.561044870059568,"con"
"936",256,3,"mu_b1",0.577125511071479,"con"
"937",257,3,"mu_b1",0.525930220702155,"con"
"938",258,3,"mu_b1",0.649735290097445,"con"
"939",259,3,"mu_b1",0.598014885620569,"con"
"940",260,3,"mu_b1",0.587526302073499,"con"
"941",261,3,"mu_b1",0.463664048181535,"con"
"942",262,3,"mu_b1",0.627424479395845,"con"
"943",263,3,"mu_b1",0.584063727611482,"con"
"944",264,3,"mu_b1",0.597274005014808,"con"
"945",265,3,"mu_b1",0.588816693653342,"con"
"946",266,3,"mu_b1",0.671094175361475,"con"
"947",267,3,"mu_b1",0.622787896720851,"con"
"948",268,3,"mu_b1",0.6416752535616,"con"
"949",269,3,"mu_b1",0.612374704811315,"con"
"950",270,3,"mu_b1",0.600749215439523,"con"
"951",271,3,"mu_b1",0.590802924209902,"con"
"952",272,3,"mu_b1",0.655731780555912,"con"
"953",273,3,"mu_b1",0.650777149669543,"con"
"954",274,3,"mu_b1",0.608905812751122,"con"
"955",275,3,"mu_b1",0.699726888634605,"con"
"956",276,3,"mu_b1",0.608360671549152,"con"
"957",277,3,"mu_b1",0.658169622981756,"con"
"958",278,3,"mu_b1",0.584352435574793,"con"
"959",279,3,"mu_b1",0.631250716921021,"con"
"960",280,3,"mu_b1",0.68157655255637,"con"
"961",281,3,"mu_b1",0.595713988996516,"con"
"962",282,3,"mu_b1",0.615295850329715,"con"
"963",283,3,"mu_b1",0.641961390147397,"con"
"964",284,3,"mu_b1",0.602932515397216,"con"
"965",285,3,"mu_b1",0.608876010378111,"con"
"966",286,3,"mu_b1",0.626993913121192,"con"
"967",287,3,"mu_b1",0.664709327585189,"con"
"968",288,3,"mu_b1",0.602209215719874,"con"
"969",289,3,"mu_b1",0.542799350112187,"con"
"970",290,3,"mu_b1",0.601613998178448,"con"
"971",291,3,"mu_b1",0.667252118805622,"con"
"972",292,3,"mu_b1",0.667674539188962,"con"
"973",293,3,"mu_b1",0.643938321898461,"con"
"974",294,3,"mu_b1",0.655948525945535,"con"
"975",295,3,"mu_b1",0.600250550821182,"con"
"976",296,3,"mu_b1",0.640552212621979,"con"
"977",297,3,"mu_b1",0.671322596312618,"con"
"978",298,3,"mu_b1",0.718414098985292,"con"
"979",299,3,"mu_b1",0.640356773021269,"con"
"980",300,3,"mu_b1",0.642110049917398,"con"
"981",301,3,"mu_b1",0.625747128602335,"con"
"982",302,3,"mu_b1",0.685655702883861,"con"
"983",303,3,"mu_b1",0.616850838887111,"con"
"984",304,3,"mu_b1",0.561698791735165,"con"
"985",305,3,"mu_b1",0.615028546093345,"con"
"986",306,3,"mu_b1",0.696136029616711,"con"
"987",307,3,"mu_b1",0.564541999651451,"con"
"988",308,3,"mu_b1",0.6452263249852,"con"
"989",309,3,"mu_b1",0.666701558866105,"con"
"990",310,3,"mu_b1",0.62862863187439,"con"
"991",311,3,"mu_b1",0.581848561719166,"con"
"992",312,3,"mu_b1",0.548614790233034,"con"
"993",313,3,"mu_b1",0.618037614882083,"con"
"994",314,3,"mu_b1",0.607236706927618,"con"
"995",315,3,"mu_b1",0.529958173051981,"con"
"996",316,3,"mu_b1",0.5876095703961,"con"
"997",317,3,"mu_b1",0.622978149696065,"con"
"998",318,3,"mu_b1",0.549869924202427,"con"
"999",319,3,"mu_b1",0.686113162463887,"con"
"1000",320,3,"mu_b1",0.595247912873037,"con"
