G,mass,log_mass_ct,log_mass,geom_mean_mass_g,temp_c,above_optimum,common_name,species,median_temp,median_temp_arr,temp_arr,temp_norm_arr,temp_norm,temp_norm_arr_ct,mass_norm,log_mass_norm,log_mass_norm_ct
4.27431274017144,0.1719739,-5.137901965693869,-1.7604125578690444,0.1719739,8.02614379084967,N,Marbled flounder,Pseudopleuronectes yokohamae,13.5,40.48323677382218,41.27135277112287,0.788115997300693,-5.4738562091503304,1.4304395199764657,9.051257894736843e-5,-9.310021723023576,-2.854352317831065
1.8622524386639,0.1719739,-5.137901965693869,-1.7604125578690444,0.1719739,10.0261437908496,N,Marbled flounder,Pseudopleuronectes yokohamae,13.5,40.48323677382218,40.97986386094403,0.4966270871218512,-3.4738562091503997,1.1389506097976239,9.051257894736843e-5,-9.310021723023576,-2.854352317831065
5.48477682530299,0.1719739,-5.137901965693869,-1.7604125578690444,0.1719739,11.9084967320261,N,Marbled flounder,Pseudopleuronectes yokohamae,13.5,40.48323677382218,40.7092577637675,0.22602098994532582,-1.5915032679739003,0.8683445126210985,9.051257894736843e-5,-9.310021723023576,-2.854352317831065
5.7094295004434,0.1719739,-5.137901965693869,-1.7604125578690444,0.1719739,13.9477124183006,N,Marbled flounder,Pseudopleuronectes yokohamae,13.5,40.48323677382218,40.420105487668856,-0.06313128615332175,0.4477124183006005,0.5791922365224509,9.051257894736843e-5,-9.310021723023576,-2.854352317831065
3.37274608335797,0.1719739,-5.137901965693869,-1.7604125578690444,0.1719739,15.9477124183006,Y,Marbled flounder,Pseudopleuronectes yokohamae,13.5,40.48323677382218,40.14047611841819,-0.3427606554039855,2.4477124183006005,0.29956286727178716,9.051257894736843e-5,-9.310021723023576,-2.854352317831065
-2.70469997044041,0.1719739,-5.137901965693869,-1.7604125578690444,0.1719739,19.8692810457516,Y,Marbled flounder,Pseudopleuronectes yokohamae,13.5,40.48323677382218,39.603263579792255,-0.8799731940299225,6.369281045751599,-0.23764967135414983,9.051257894736843e-5,-9.310021723023576,-2.854352317831065
4.20359281437125,0.8469455,-3.543608338971282,-0.16611893114645754,0.8469455,12.0557043807122,N,Marbled flounder,Pseudopleuronectes yokohamae,13.5,40.48323677382218,40.688245862451666,0.2050090886294882,-1.4442956192878,0.8473326113052608,4.457607894736842e-4,-7.71572809630099,-1.2600586911084788
6.95209580838323,0.8469455,-3.543608338971282,-0.16611893114645754,0.8469455,13.9888118499842,N,Marbled flounder,Pseudopleuronectes yokohamae,13.5,40.48323677382218,40.41431998151094,-0.06891679231123504,0.48881184998420046,0.5734067303645376,4.457607894736842e-4,-7.71572809630099,-1.2600586911084788
7.90419161676646,0.8469455,-3.543608338971282,-0.16611893114645754,0.8469455,16.0456192877403,N,Marbled flounder,Pseudopleuronectes yokohamae,13.5,40.48323677382218,40.126886602905294,-0.35635017091688326,2.545619287740301,0.2859733517588894,4.457607894736842e-4,-7.71572809630099,-1.2600586911084788
7.58083832335329,0.8469455,-3.543608338971282,-0.16611893114645754,0.8469455,18.0573589662779,N,Marbled flounder,Pseudopleuronectes yokohamae,13.5,40.48323677382218,39.84967915099955,-0.6335576228226287,4.557358966277899,0.00876589985314391,4.457607894736842e-4,-7.71572809630099,-1.2600586911084788
9.48502994011975,0.8469455,-3.543608338971282,-0.16611893114645754,0.8469455,19.9999212102111,N,Marbled flounder,Pseudopleuronectes yokohamae,13.5,40.48323677382218,39.58561466879874,-0.8976221050234372,6.499921210211099,-0.25529858234766456,4.457607894736842e-4,-7.71572809630099,-1.2600586911084788
8.67664670658682,0.8469455,-3.543608338971282,-0.16611893114645754,0.8469455,22.00953356445,N,Marbled flounder,Pseudopleuronectes yokohamae,13.5,40.48323677382218,39.31609350738523,-1.1671432664369448,8.509533564449999,-0.5248197437611721,4.457607894736842e-4,-7.71572809630099,-1.2600586911084788
4.01307189542483,2.408997,-2.4982789295228782,0.8792104783019463,2.408997,12.1122954774751,N,Marbled flounder,Pseudopleuronectes yokohamae,13.5,40.48323677382218,40.68017401946639,0.19693724564421444,-1.3877045225248992,0.8392607683199871,0.0012678931578947368,-6.670398686852585,-0.2147292816600741
5.56862745098039,2.408997,-2.4982789295228782,0.8792104783019463,2.408997,14.2002895117778,N,Marbled flounder,Pseudopleuronectes yokohamae,13.5,40.48323677382218,40.38457675101972,-0.09866002280245567,0.7002895117778003,0.543663499873317,0.0012678931578947368,-6.670398686852585,-0.2147292816600741
6.20915032679738,2.408997,-2.4982789295228782,0.8792104783019463,2.408997,16.1820414966881,N,Marbled flounder,Pseudopleuronectes yokohamae,13.5,40.48323677382218,40.107966477501115,-0.37527029632106235,2.6820414966881003,0.2670532263547103,0.0012678931578947368,-6.670398686852585,-0.2147292816600741
6.64052287581699,2.408997,-2.4982789295228782,0.8792104783019463,2.408997,18.2683686449971,N,Marbled flounder,Pseudopleuronectes yokohamae,13.5,40.48323677382218,39.820824868293165,-0.6624119055290123,4.7683686449971,-0.02008838285323966,0.0012678931578947368,-6.670398686852585,-0.2147292816600741
7.41176470588235,2.408997,-2.4982789295228782,0.8792104783019463,2.408997,20.3055665219107,N,Marbled flounder,Pseudopleuronectes yokohamae,13.5,40.48323677382218,39.54438472152711,-0.9388520522950685,6.805566521910698,-0.2965285296192959,0.0012678931578947368,-6.670398686852585,-0.2147292816600741
6,2.408997,-2.4982789295228782,0.8792104783019463,2.408997,22.2597710225029,N,Marbled flounder,Pseudopleuronectes yokohamae,13.5,40.48323677382218,39.28278939809391,-1.2004473757282668,8.7597710225029,-0.5581238530524941,0.0012678931578947368,-6.670398686852585,-0.2147292816600741
2.03,14.8324,-0.6806754306486851,2.6968139771761392,14.8324,3.62433179723502,N,Lumpfish,Cyclopterus lumpus,6,41.570911055762586,41.92773132487446,0.35682026911187137,-2.37566820276498,0.999143791787644,0.0015613052631578948,-6.462233100412493,-0.006563695219981902
2.84,14.8324,-0.6806754306486851,2.6968139771761392,14.8324,6.65880184331797,N,Lumpfish,Cyclopterus lumpus,6,41.570911055762586,41.473033531354766,-0.09787752440782072,0.6588018433179696,0.5444459982679519,0.0015613052631578948,-6.462233100412493,-0.006563695219981902
3.78999999999999,14.8324,-0.6806754306486851,2.6968139771761392,14.8324,9.68921658986175,N,Lumpfish,Cyclopterus lumpus,6,41.570911055762586,41.028680397045356,-0.5422306587172301,3.6892165898617506,0.10009286395854256,0.0015613052631578948,-6.462233100412493,-0.006563695219981902
4.69999999999999,14.8324,-0.6806754306486851,2.6968139771761392,14.8324,12.7273732718894,N,Lumpfish,Cyclopterus lumpus,6,41.570911055762586,40.592648828417126,-0.9782622273454606,6.7273732718894,-0.335938704669688,0.0015613052631578948,-6.462233100412493,-0.006563695219981902
4.18999999999999,14.8324,-0.6806754306486851,2.6968139771761392,14.8324,15.6763133640552,N,Lumpfish,Cyclopterus lumpus,6,41.570911055762586,40.178194590563656,-1.39271646519893,9.6763133640552,-0.7503929425231575,0.0015613052631578948,-6.462233100412493,-0.006563695219981902
2.27562491733897,28.28427,-0.03518358809529998,3.3423058197295243,28.28427,3.43076312657055,N,Lumpfish,Cyclopterus lumpus,6,41.570911055762586,41.95707499695341,0.38616394119082287,-2.56923687342945,1.0284874638665955,0.0029772915789473683,-5.816741257859108,0.6389281473334032
2.65066349248335,28.28427,-0.03518358809529998,3.3423058197295243,28.28427,6.43909535775691,N,Lumpfish,Cyclopterus lumpus,6,41.570911055762586,41.505623838323174,-0.0652872174394119,0.43909535775691033,0.5770363052363607,0.0029772915789473683,-5.816741257859108,0.6389281473334032
3.05352025746153,28.28427,-0.03518358809529998,3.3423058197295243,28.28427,9.45615659304324,N,Lumpfish,Cyclopterus lumpus,6,41.570911055762586,41.062515980240285,-0.5083950755223015,3.4561565930432394,0.1339284471534712,0.0029772915789473683,-5.816741257859108,0.6389281473334032
3.65079575012123,28.28427,-0.03518358809529998,3.3423058197295243,28.28427,12.4676630075386,N,Lumpfish,Cyclopterus lumpus,6,41.570911055762586,40.629559457286916,-0.94135159847567,6.467663007538601,-0.2990280757998973,0.0029772915789473683,-5.816741257859108,0.6389281473334032
3.40559008949432,28.28427,-0.03518358809529998,3.3423058197295243,28.28427,15.503240312128,N,Lumpfish,Cyclopterus lumpus,6,41.570911055762586,40.20228495847775,-1.3686260972848387,9.503240312128,-0.7263025746090661,0.0029772915789473683,-5.816741257859108,0.6389281473334032
1.25471698113207,104.8809,1.2753360128294995,4.652825420654324,104.8809,4.5188679245283,N,Lumpfish,Cyclopterus lumpus,6,41.570911055762586,41.79265723217588,0.22174617641329064,-1.4811320754716997,0.8640696990890633,0.011040094736842105,-4.506221656934309,1.9494477482582022
1.62264150943396,104.8809,1.2753360128294995,4.652825420654324,104.8809,5.50943396226415,N,Lumpfish,Cyclopterus lumpus,6,41.570911055762586,41.6440945716828,0.07318351592021344,-0.4905660377358503,0.7155070385959861,0.011040094736842105,-4.506221656934309,1.9494477482582022
1.73584905660377,104.8809,1.2753360128294995,4.652825420654324,104.8809,7.5377358490566,N,Lumpfish,Cyclopterus lumpus,6,41.570911055762586,41.34316658372493,-0.22774447203765646,1.5377358490565998,0.4145790506381162,0.011040094736842105,-4.506221656934309,1.9494477482582022
1.94339622641509,104.8809,1.2753360128294995,4.652825420654324,104.8809,9.5188679245283,N,Lumpfish,Cyclopterus lumpus,6,41.570911055762586,41.05340608048318,-0.5175049752794081,3.5188679245282994,0.12481854739636455,0.011040094736842105,-4.506221656934309,1.9494477482582022
2.10377358490566,104.8809,1.2753360128294995,4.652825420654324,104.8809,12.4905660377358,N,Lumpfish,Cyclopterus lumpus,6,41.570911055762586,40.626301726635916,-0.9446093291266706,6.4905660377358,-0.302285806450898,0.011040094736842105,-4.506221656934309,1.9494477482582022
1.11894507621582,154.9193,1.6654149283503772,5.0429043361752015,154.9193,4.52901040406484,N,Lumpfish,Cyclopterus lumpus,6,41.570911055762586,41.79113071718961,0.22021966142702354,-1.4709895959351602,0.8625431841027962,0.016307294736842105,-4.11614274141343,2.339526663779081
1.50055649649165,154.9193,1.6654149283503772,5.0429043361752015,154.9193,5.51270263730945,N,Lumpfish,Cyclopterus lumpus,6,41.570911055762586,41.643606092200535,0.07269503643794906,-0.48729736269055035,0.7150185591137217,0.016307294736842105,-4.11614274141343,2.339526663779081
1.42840551657391,154.9193,1.6654149283503772,5.0429043361752015,154.9193,7.51134768932978,N,Lumpfish,Cyclopterus lumpus,6,41.570911055762586,41.347053724196556,-0.22385733156603038,1.5113476893297797,0.41846619110974226,0.016307294736842105,-4.11614274141343,2.339526663779081
1.42869586256956,154.9193,1.6654149283503772,5.0429043361752015,154.9193,9.48318412775223,Y,Lumpfish,Cyclopterus lumpus,6,41.570911055762586,41.05858927015025,-0.5123217856123361,3.4831841277522297,0.13000173706343654,0.016307294736842105,-4.11614274141343,2.339526663779081
1.2432131623518,154.9193,1.6654149283503772,5.0429043361752015,154.9193,12.4750060488749,Y,Lumpfish,Cyclopterus lumpus,6,41.570911055762586,40.628514925021705,-0.9423961307408817,6.475006048874899,-0.30007260806510905,0.016307294736842105,-4.11614274141343,2.339526663779081
1.81369978134507,7.305395,-1.3888762915309836,1.9886131162938407,7.305395,9.97268758802611,N,Japanese flounder,Paralichthys olivaceus,16.8,40.022486019024406,40.987601241275115,0.9651152222507093,-6.827312411973891,1.607438744926482,8.027906593406593e-4,-7.1274165762111,-0.6717471710185894
3.63533650292188,7.305395,-1.3888762915309836,1.9886131162938407,7.305395,14.9352205613439,N,Japanese flounder,Paralichthys olivaceus,16.8,40.022486019024406,40.281552099772156,0.2590660807477505,-1.8647794386561003,0.9013896034235231,8.027906593406593e-4,-7.1274165762111,-0.6717471710185894
5.44881840747628,7.305395,-1.3888762915309836,1.9886131162938407,7.305395,19.9370491701228,N,Japanese flounder,Paralichthys olivaceus,16.8,40.022486019024406,39.59410644064408,-0.4283795783803228,3.1370491701228005,0.21394394429544983,8.027906593406593e-4,-7.1274165762111,-0.6717471710185894
5.79374849237042,7.305395,-1.3888762915309836,1.9886131162938407,7.305395,24.9924910320356,N,Japanese flounder,Paralichthys olivaceus,16.8,40.022486019024406,38.92273047376267,-1.0997555452617362,8.192491032035598,-0.4574320225859636,8.027906593406593e-4,-7.1274165762111,-0.6717471710185894
4.46405681396694,7.305395,-1.3888762915309836,1.9886131162938407,7.305395,30.0512788589481,Y,Japanese flounder,Paralichthys olivaceus,16.8,40.022486019024406,38.27332082795947,-1.7491651910649324,13.251278858948098,-1.1068416683891598,8.027906593406593e-4,-7.1274165762111,-0.6717471710185894
1.24649698657006,21.99927,-0.2864801368352192,3.091009270989605,21.99927,9.95093092048025,N,Japanese flounder,Paralichthys olivaceus,16.8,40.022486019024406,40.99075119069708,0.9682651716726767,-6.849069079519751,1.6105886943484493,0.0024175021978021976,-6.025020421515336,0.43064898367717497
3.07988199376749,21.99927,-0.2864801368352192,3.091009270989605,21.99927,14.9331034373665,N,Japanese flounder,Paralichthys olivaceus,16.8,40.022486019024406,40.28184812907335,0.25936211004894716,-1.8668965626335012,0.9016856327247198,0.0024175021978021976,-6.025020421515336,0.43064898367717497
3.9277472831675,21.99927,-0.2864801368352192,3.091009270989605,21.99927,19.9195785943654,N,Japanese flounder,Paralichthys olivaceus,16.8,40.022486019024406,39.596466739653735,-0.42601927937067074,3.1195785943654,0.2163042433051019,0.0024175021978021976,-6.025020421515336,0.43064898367717497
3.76812566240093,21.99927,-0.2864801368352192,3.091009270989605,21.99927,24.9890377588306,Y,Japanese flounder,Paralichthys olivaceus,16.8,40.022486019024406,38.92318130644537,-1.099304712579034,8.189037758830601,-0.4569811899032614,0.0024175021978021976,-6.025020421515336,0.43064898367717497
2.94918930034642,21.99927,-0.2864801368352192,3.091009270989605,21.99927,30.0220826676368,Y,Japanese flounder,Paralichthys olivaceus,16.8,40.022486019024406,38.27700663961858,-1.745479379405829,13.222082667636798,-1.1031558567300563,0.0024175021978021976,-6.025020421515336,0.43064898367717497
0.193029490616621,96.76363,1.1947817927155873,4.572271200540412,96.76363,9.94328659956928,N,Japanese flounder,Paralichthys olivaceus,16.8,40.022486019024406,40.99185805713057,0.9693720381061652,-6.856713400430721,1.6116955607819379,0.010633365934065934,-4.54375849196453,1.911910913227981
1.25737265415549,96.76363,1.1947817927155873,4.572271200540412,96.76363,14.9539665099107,N,Japanese flounder,Paralichthys olivaceus,16.8,40.022486019024406,40.27893111571213,0.2564450966877274,-1.846033490089301,0.8987686193635,0.010633365934065934,-4.54375849196453,1.911910913227981
1.53083109919571,96.76363,1.1947817927155873,4.572271200540412,96.76363,19.9805036698457,N,Japanese flounder,Paralichthys olivaceus,16.8,40.022486019024406,39.58823689767324,-0.434249121351165,3.1805036698456988,0.20807440132460764,0.010633365934065934,-4.54375849196453,1.911910913227981
1.38605898123324,96.76363,1.1947817927155873,4.572271200540412,96.76363,25.0277853469872,Y,Japanese flounder,Paralichthys olivaceus,16.8,40.022486019024406,38.918123319321175,-1.1043626997032305,8.2277853469872,-0.4620391770274579,0.010633365934065934,-4.54375849196453,1.911910913227981
0.316353887399463,96.76363,1.1947817927155873,4.572271200540412,96.76363,30.0498220014943,Y,Japanese flounder,Paralichthys olivaceus,16.8,40.022486019024406,38.2735047290329,-1.7489812899915052,13.249822001494298,-1.1066577673157325,0.010633365934065934,-4.54375849196453,1.911910913227981
0.328933275762486,195.379,1.8974518541557348,5.274941261980559,195.379,10.0471408037114,N,Japanese flounder,Paralichthys olivaceus,16.8,40.022486019024406,40.97682550142486,0.9543394824004565,-6.7528591962886,1.5966630050762292,0.02147021978021978,-3.8410884305243824,2.6145809746681286
1.22847401741704,195.379,1.8974518541557348,5.274941261980559,195.379,14.9418590523614,N,Japanese flounder,Paralichthys olivaceus,16.8,40.022486019024406,40.28062389332209,0.258137874297681,-1.858140947638601,0.9004613969734536,0.02147021978021978,-3.8410884305243824,2.6145809746681286
1.36352625174534,195.379,1.8974518541557348,5.274941261980559,195.379,19.9675696691358,N,Japanese flounder,Paralichthys olivaceus,16.8,40.022486019024406,39.5899837540105,-0.432502265013909,3.1675696691357977,0.20982125766186366,0.02147021978021978,-3.8410884305243824,2.6145809746681286
1.68973425820524,195.379,1.8974518541557348,5.274941261980559,195.379,25.041505215956,N,Japanese flounder,Paralichthys olivaceus,16.8,40.022486019024406,38.91633268631147,-1.1061533327129354,8.241505215956,-0.4638298100371627,0.02147021978021978,-3.8410884305243824,2.6145809746681286
0.367698268949312,195.379,1.8974518541557348,5.274941261980559,195.379,30.0082244066744,Y,Japanese flounder,Paralichthys olivaceus,16.8,40.022486019024406,38.27875639504055,-1.7437296239838531,13.2082244066744,-1.1014061013080805,0.02147021978021978,-3.8410884305243824,2.6145809746681286
1.42371908127208,28.28427,-0.03518358809529998,3.3423058197295243,28.28427,12.0374179707218,N,Arctic char,Salvelinus alpinus,10,40.98364761157029,40.69085482027641,-0.29279279129388414,2.0374179707217994,0.3495307313818885,0.001885618,-6.2734996603548225,0.18216974483768844
1.76181221605249,28.28427,-0.03518358809529998,3.3423058197295243,28.28427,14.0626892983341,N,Arctic char,Salvelinus alpinus,10,40.98364761157029,40.403924525640505,-0.5797230859297855,4.062689298334099,0.06260043674598714,0.001885618,-6.2734996603548225,0.18216974483768844
1.78486244321049,28.28427,-0.03518358809529998,3.3423058197295243,28.28427,16.0427814235234,Y,Arctic char,Salvelinus alpinus,10,40.98364761157029,40.12728037018768,-0.856367241382614,6.042781423523401,-0.21404371870684136,0.001885618,-6.2734996603548225,0.18216974483768844
1.07846536753683,79.05694,0.9926789445134867,4.370168352338311,79.05694,12.0124444947252,N,Arctic char,Salvelinus alpinus,10,40.98364761157029,40.69441837538598,-0.28922923618431184,2.0124444947252,0.3530942864914608,0.005270462666666666,-5.245637127746036,1.2100322774464747
1.24878383347003,79.05694,0.9926789445134867,4.370168352338311,79.05694,14.0156263257629,N,Arctic char,Salvelinus alpinus,10,40.98364761157029,40.41054624014042,-0.5731013714298712,4.0156263257629,0.06922215124590148,0.005270462666666666,-5.245637127746036,1.2100322774464747
1.04751675764346,79.05694,0.9926789445134867,4.370168352338311,79.05694,16.0065192182594,Y,Arctic char,Salvelinus alpinus,10,40.98364761157029,40.132312605606074,-0.8513350059642164,6.006519218259399,-0.20901148328844377,0.005270462666666666,-5.245637127746036,1.2100322774464747
0.782952508960573,102.4695,1.2520757854979774,4.629565193322802,102.4695,5.29838709677419,N,Atlantic salmon,Salmo salar,8.4,41.21655059924038,41.67565825110346,0.45910765186307856,-3.10161290322581,1.1014311745388512,0.0021895192307692306,-6.124073288582936,0.33159611660957466
1.08813844086021,102.4695,1.2520757854979774,4.629565193322802,102.4695,9.12096774193548,N,Atlantic salmon,Salmo salar,8.4,41.21655059924038,41.11127656537986,-0.10527403386051759,0.7209677419354801,0.537049488815255,0.0021895192307692306,-6.124073288582936,0.33159611660957466
1.20643481182795,102.4695,1.2520757854979774,4.629565193322802,102.4695,13.9032258064516,Y,Atlantic salmon,Salmo salar,8.4,41.21655059924038,40.42636966929815,-0.7901809299422311,5.503225806451599,-0.14785740726645846,0.0021895192307692306,-6.124073288582936,0.33159611660957466
1.05891017025089,102.4695,1.2520757854979774,4.629565193322802,102.4695,17.758064516129,Y,Atlantic salmon,Salmo salar,8.4,41.21655059924038,39.89067762874868,-1.3258729704916945,9.358064516129,-0.6835494478159219,0.0021895192307692306,-6.124073288582936,0.33159611660957466
0.792907801418439,225.8318,2.0423010665699755,5.4197904743948,225.8318,4.95905596281065,N,Atlantic salmon,Salmo salar,8.4,41.21655059924038,41.72650826144945,0.5099576622090751,-3.4409440371893503,1.1522811848848478,0.0048254658119658116,-5.333848007510938,1.1218213976815727
1.43971631205673,225.8318,2.0423010665699755,5.4197904743948,225.8318,8.86071875558734,N,Atlantic salmon,Salmo salar,8.4,41.21655059924038,41.149215435578945,-0.06733516366143277,0.4607187555873402,0.5749883590143399,0.0048254658119658116,-5.333848007510938,1.1218213976815727
1.57021276595744,225.8318,2.0423010665699755,5.4197904743948,225.8318,13.8526729840872,N,Atlantic salmon,Salmo salar,8.4,41.21655059924038,40.433490394215035,-0.7830602050253432,5.452672984087199,-0.1407366823495706,0.0048254658119658116,-5.333848007510938,1.1218213976815727
1.47659574468085,225.8318,2.0423010665699755,5.4197904743948,225.8318,17.8728768102985,Y,Atlantic salmon,Salmo salar,8.4,41.21655059924038,39.87494023976838,-1.341610359472,9.4728768102985,-0.6992868367962273,0.0048254658119658116,-5.333848007510938,1.1218213976815727
0.23,30.67898,0.04608832170695454,3.423577729531779,30.67898,23.3,N,Barramundi,Lates calcarifer,21.5,39.38408220334677,39.144947954852846,-0.23913424849392584,1.8000000000000007,0.4031892741818468,5.113163333333333e-4,-7.578522111672459,-1.1228527064799483
0.76,30.67898,0.04608832170695454,3.423577729531779,30.67898,26.2,N,Barramundi,Lates calcarifer,21.5,39.38408220334677,38.765725141861125,-0.6183570614856464,4.699999999999999,0.023966461190126243,5.113163333333333e-4,-7.578522111672459,-1.1228527064799483
1.43,30.67898,0.04608832170695454,3.423577729531779,30.67898,29.1,N,Barramundi,Lates calcarifer,21.5,39.38408220334677,38.39377939194748,-0.9903028113992889,7.600000000000001,-0.34797928872351624,5.113163333333333e-4,-7.578522111672459,-1.1228527064799483
1.43,30.67898,0.04608832170695454,3.423577729531779,30.67898,32,Y,Barramundi,Lates calcarifer,21.5,39.38408220334677,38.028903231906035,-1.3551789714407363,10.5,-0.7128554487649637,5.113163333333333e-4,-7.578522111672459,-1.1228527064799483
1.39,30.67898,0.04608832170695454,3.423577729531779,30.67898,34.9,Y,Barramundi,Lates calcarifer,21.5,39.38408220334677,37.670897001188536,-1.713185202158236,13.399999999999999,-1.0708616794824635,5.113163333333333e-4,-7.578522111672459,-1.1228527064799483
0.43,30.67898,0.04608832170695454,3.423577729531779,30.67898,37.9,Y,Barramundi,Lates calcarifer,21.5,39.38408220334677,37.30757055526806,-2.0765116480787142,16.4,-1.4341881254029416,5.113163333333333e-4,-7.578522111672459,-1.1228527064799483
0.28,159.5387,1.6947971181982338,5.072286526023058,159.5387,23.3,N,Barramundi,Lates calcarifer,21.5,39.38408220334677,39.144947954852846,-0.23913424849392584,1.8000000000000007,0.4031892741818468,0.0026589783333333334,-5.92981331518118,0.5258560900113309
1.11,159.5387,1.6947971181982338,5.072286526023058,159.5387,26.2,N,Barramundi,Lates calcarifer,21.5,39.38408220334677,38.765725141861125,-0.6183570614856464,4.699999999999999,0.023966461190126243,0.0026589783333333334,-5.92981331518118,0.5258560900113309
1.73,159.5387,1.6947971181982338,5.072286526023058,159.5387,29.1,N,Barramundi,Lates calcarifer,21.5,39.38408220334677,38.39377939194748,-0.9903028113992889,7.600000000000001,-0.34797928872351624,0.0026589783333333334,-5.92981331518118,0.5258560900113309
2.8,159.5387,1.6947971181982338,5.072286526023058,159.5387,32,N,Barramundi,Lates calcarifer,21.5,39.38408220334677,38.028903231906035,-1.3551789714407363,10.5,-0.7128554487649637,0.0026589783333333334,-5.92981331518118,0.5258560900113309
2.62,159.5387,1.6947971181982338,5.072286526023058,159.5387,34.9,Y,Barramundi,Lates calcarifer,21.5,39.38408220334677,37.670897001188536,-1.713185202158236,13.399999999999999,-1.0708616794824635,0.0026589783333333334,-5.92981331518118,0.5258560900113309
0.65,159.5387,1.6947971181982338,5.072286526023058,159.5387,37.9,Y,Barramundi,Lates calcarifer,21.5,39.38408220334677,37.30757055526806,-2.0765116480787142,16.4,-1.4341881254029416,0.0026589783333333334,-5.92981331518118,0.5258560900113309
-0.358575056810584,2,-2.684342227264879,0.6931471805599453,;,0.476540569442587,N,Atlantic cod,Gadus morhua,9,41.12890243209685,42.41006664436143,1.2811642122645779,-8.523459430557413,1.9234877349403505,2.0833333333333333e-5,-10.778956289890028,-4.3232868846975165
1.37956155594172,2,-2.684342227264879,0.6931471805599453,;,4.03729447934768,N,Atlantic cod,Gadus morhua,9,41.12890243209685,41.8652660217106,0.7363635896137524,-4.96270552065232,1.378687112289525,2.0833333333333333e-5,-10.778956289890028,-4.3232868846975165
4.08588424007486,2,-2.684342227264879,0.6931471805599453,;,7.80604197299826,N,Atlantic cod,Gadus morhua,9,41.12890243209685,41.30368487441675,0.17478244231990203,-1.1939580270017398,0.8171059649956747,2.0833333333333333e-5,-10.778956289890028,-4.3232868846975165
6.44338992113354,2,-2.684342227264879,0.6931471805599453,;,11.5695762598583,N,Atlantic cod,Gadus morhua,9,41.12890243209685,40.75771667567002,-0.3711857564268328,2.5695762598583,0.2711377662489398,2.0833333333333333e-5,-10.778956289890028,-4.3232868846975165
6.79320946397541,2,-2.684342227264879,0.6931471805599453,;,15.3161342066568,Y,Atlantic cod,Gadus morhua,9,41.12890243209685,40.2283611319957,-0.9005413001011533,6.3161342066568,-0.25821777742538066,2.0833333333333333e-5,-10.778956289890028,-4.3232868846975165
3.41217751637482,2,-2.684342227264879,0.6931471805599453,;,19.6223766876086,Y,Atlantic cod,Gadus morhua,9,41.12890243209685,39.6366622852479,-1.4922401468489497,10.6223766876086,-0.849916624173177,2.0833333333333333e-5,-10.778956289890028,-4.3232868846975165
-0.263935302767007,7,-1.431579258769511,1.9459101490553132,;,0.0594840261997062,N,Atlantic cod,Gadus morhua,9,41.12890243209685,42.47480596282412,1.34590353072727,-8.940515973800293,1.9882270534030426,7.291666666666667e-5,-9.52619332139466,-3.0705239162021485
1.13901884774762,7,-1.431579258769511,1.9459101490553132,;,4.09731319342333,N,Atlantic cod,Gadus morhua,9,41.12890243209685,41.85620299634847,0.727300564251621,-4.90268680657667,1.3696240869273937,7.291666666666667e-5,-9.52619332139466,-3.0705239162021485
2.93917925411041,7,-1.431579258769511,1.9459101490553132,;,7.65592835182462,N,Atlantic cod,Gadus morhua,9,41.12890243209685,41.32576505534707,0.19686262325021886,-1.3440716481753796,0.8391861459259915,7.291666666666667e-5,-9.52619332139466,-3.0705239162021485
4.35008688677984,7,-1.431579258769511,1.9459101490553132,;,11.6417591231118,N,Atlantic cod,Gadus morhua,9,41.12890243209685,40.74738629006341,-0.38151614203344053,2.6417591231118003,0.2608073806423321,7.291666666666667e-5,-9.52619332139466,-3.0705239162021485
4.31138885175779,7,-1.431579258769511,1.9459101490553132,;,15.6258521588022,Y,Atlantic cod,Gadus morhua,9,41.12890243209685,40.18521539964022,-0.94368703245663,6.6258521588022,-0.30136350978085735,7.291666666666667e-5,-9.52619332139466,-3.0705239162021485
2.04244085015373,7,-1.431579258769511,1.9459101490553132,;,19.0144365726507,Y,Atlantic cod,Gadus morhua,9,41.12890243209685,39.7191388430005,-1.4097635890963502,10.014436572650698,-0.7674400664205776,7.291666666666667e-5,-9.52619332139466,-3.0705239162021485
-0.233324421868733,14,-0.7384320782095659,2.6390573296152584,;,0.161876754444592,N,Atlantic cod,Gadus morhua,9,41.12890243209685,42.4588933310137,1.3299908989168472,-8.838123245555408,1.9723144215926198,1.4583333333333335e-4,-8.833046140834714,-2.377376735642203
1.73726774495388,14,-0.7384320782095659,2.6390573296152584,;,7.74909771420932,N,Atlantic cod,Gadus morhua,9,41.12890243209685,41.312058015304586,0.18315558320773562,-1.25090228579068,0.8254791058835083,1.4583333333333335e-4,-8.833046140834714,-2.377376735642203
2.36512498329101,14,-0.7384320782095659,2.6390573296152584,;,11.7619302232321,N,Atlantic cod,Gadus morhua,9,41.12890243209685,40.73019972215217,-0.39870270994467916,2.761930223232101,0.24362081273109348,1.4583333333333335e-4,-8.833046140834714,-2.377376735642203
2.28792942120038,14,-0.7384320782095659,2.6390573296152584,;,15.6783852426146,Y,Atlantic cod,Gadus morhua,9,41.12890243209685,40.17790637671703,-0.950996055379818,6.678385242614601,-0.3086725327040454,1.4583333333333335e-4,-8.833046140834714,-2.377376735642203
0.498195428418671,14,-0.7384320782095659,2.6390573296152584,;,19.4297553802967,Y,Atlantic cod,Gadus morhua,9,41.12890243209685,39.662757274960846,-1.4661451571360047,10.429755380296701,-0.823821634460232,1.4583333333333335e-4,-8.833046140834714,-2.377376735642203
0.767095720848995,57,0.665561860009726,4.04305126783455,;,4.50491703686828,N,Atlantic cod,Gadus morhua,9,41.12890243209685,41.794757121752056,0.6658546896552053,-4.49508296313172,1.308178212330978,5.9375e-4,-7.4290522026154235,-0.9733827974229126
1.47387325815392,57,0.665561860009726,4.04305126783455,;,8.78103048942552,N,Atlantic cod,Gadus morhua,9,41.12890243209685,41.160846328518566,0.03194389642171558,-0.21896951057448,0.6742674190974882,5.9375e-4,-7.4290522026154235,-0.9733827974229126
1.63762767209629,57,0.665561860009726,4.04305126783455,;,12.8707901431446,Y,Atlantic cod,Gadus morhua,9,41.12890243209685,40.572294816081104,-0.5566076160157465,3.8707901431445997,0.08571590666002615,5.9375e-4,-7.4290522026154235,-0.9733827974229126
1.41883282074647,57,0.665561860009726,4.04305126783455,;,16.4748452747085,Y,Atlantic cod,Gadus morhua,9,41.12890243209685,40.06741828453725,-1.0614841475596037,7.4748452747085,-0.4191606248838311,5.9375e-4,-7.4290522026154235,-0.9733827974229126
0.0674488362379921,57,0.665561860009726,4.04305126783455,;,19.6856893343964,Y,Atlantic cod,Gadus morhua,9,41.12890243209685,39.628092626253064,-1.5008098058437866,10.6856893343964,-0.858486283168014,5.9375e-4,-7.4290522026154235,-0.9733827974229126
0.761886319626381,143,1.5853552224350826,4.962844630259907,;,4.59072787333409,N,Atlantic cod,Gadus morhua,9,41.12890243209685,41.78184420438496,0.6529417722881092,-4.40927212666591,1.2952652949638819,0.0014895833333333334,-6.509258840190066,-0.053589434997554974
1.0498690055815,143,1.5853552224350826,4.962844630259907,;,8.47089645745529,N,Atlantic cod,Gadus morhua,9,41.12890243209685,41.206174567267,0.07727213517014775,-0.5291035425447106,0.7195956578459204,0.0014895833333333334,-6.509258840190066,-0.053589434997554974
1.1464327751832,143,1.5853552224350826,4.962844630259907,;,12.4429509815089,Y,Atlantic cod,Gadus morhua,9,41.12890243209685,40.63307508583249,-0.4958273462643632,3.4429509815089006,0.14649617641140944,0.0014895833333333334,-6.509258840190066,-0.053589434997554974
0.962068572730379,143,1.5853552224350826,4.962844630259907,;,16.1679006720583,Y,Atlantic cod,Gadus morhua,9,41.12890243209685,40.10992681151051,-1.018975620586339,7.167900672058298,-0.3766520979105663,0.0014895833333333334,-6.509258840190066,-0.053589434997554974
0.429319968105707,373,2.5440890118189916,5.921578419643816,;,4.14466340129855,N,Atlantic cod,Gadus morhua,9,41.12890243209685,41.84905572604605,0.7201532939492026,-4.85533659870145,1.3624768166249752,0.003885416666666667,-5.550525050806158,0.9051443543863531
0.579245927782207,373,2.5440890118189916,5.921578419643816,;,8.31643695181683,N,Atlantic cod,Gadus morhua,9,41.12890243209685,41.22878715803213,0.09988472593527575,-0.6835630481831707,0.7422082486110484,0.003885416666666667,-5.550525050806158,0.9051443543863531
0.612028704863879,373,2.5440890118189916,5.921578419643816,;,12.2603941223373,Y,Atlantic cod,Gadus morhua,9,41.12890243209685,40.65906519242606,-0.46983723967078816,3.260394122337299,0.17248628300498448,0.003885416666666667,-5.550525050806158,0.9051443543863531
0.260211869233397,373,2.5440890118189916,5.921578419643816,;,16.4754527850552,Y,Atlantic cod,Gadus morhua,9,41.12890243209685,40.067334240227815,-1.0615681918690356,7.4754527850552,-0.419244669193263,0.003885416666666667,-5.550525050806158,0.9051443543863531
0.325830580552075,1050,3.5790560353267447,6.956545443151569,;,4.24004252572426,N,Atlantic cod,Gadus morhua,9,41.12890243209685,41.83466614573939,0.7057637136425399,-4.75995747427574,1.3480872363183125,0.0109375,-4.515558027298404,1.940111377894107
0.387986482894787,1050,3.5790560353267447,6.956545443151569,;,8.03834909063294,N,Atlantic cod,Gadus morhua,9,41.12890243209685,41.26956134116263,0.1406589090657775,-0.9616509093670604,0.7829824317415501,0.0109375,-4.515558027298404,1.940111377894107
0.381015301666856,1050,3.5790560353267447,6.956545443151569,;,12.2114895394312,Y,Atlantic cod,Gadus morhua,9,41.12890243209685,40.66603324767344,-0.4628691844234112,3.2114895394312004,0.17945433825236146,0.0109375,-4.515558027298404,1.940111377894107
0.269035957018643,1050,3.5790560353267447,6.956545443151569,;,16.0035691232866,Y,Atlantic cod,Gadus morhua,9,41.12890243209685,40.13272205631431,-0.9961803757825436,7.003569123286599,-0.35385685310677095,0.0109375,-4.515558027298404,1.940111377894107
1.23474143966925,28.28427,-0.03518358809529998,3.3423058197295243,28.28427,7.30313739872636,N,Atlantic halibut,Hippoglossus hippoglossus,4.2,41.84070604368534,41.377750054254975,-0.46295598943036254,3.1031373987263597,0.1793675332454101,8.838834375e-5,-9.333770455046386,-2.878101049853875
1.70053012369552,28.28427,-0.03518358809529998,3.3423058197295243,28.28427,10.0385423265428,N,Atlantic halibut,Hippoglossus hippoglossus,4.2,41.84070604368534,40.97806968417187,-0.8626363595134663,5.838542326542799,-0.22031283683769365,8.838834375e-5,-9.333770455046386,-2.878101049853875
2.10591137932184,28.28427,-0.03518358809529998,3.3423058197295243,28.28427,12.8324275664321,N,Atlantic halibut,Hippoglossus hippoglossus,4.2,41.84070604368534,40.57773731052221,-1.2629687331631274,8.6324275664321,-0.6206452104873548,8.838834375e-5,-9.333770455046386,-2.878101049853875
2.23507485079851,28.28427,-0.03518358809529998,3.3423058197295243,28.28427,12.9099456539859,N,Atlantic halibut,Hippoglossus hippoglossus,4.2,41.84070604368534,40.56674133348537,-1.2739647101999694,8.709945653985901,-0.6316411875241967,8.838834375e-5,-9.333770455046386,-2.878101049853875
2.26922281865768,28.28427,-0.03518358809529998,3.3423058197295243,28.28427,15.0592471576701,Y,Atlantic halibut,Hippoglossus hippoglossus,4.2,41.84070604368534,40.26421752827266,-1.5764885154126773,10.8592471576701,-0.9341649927369047,8.838834375e-5,-9.333770455046386,-2.878101049853875
0.267868112213108,223.6068,2.032399744442717,5.409889152267541,223.6068,4.95117982099267,N,Atlantic halibut,Hippoglossus hippoglossus,4.2,41.84070604368534,41.72769000363713,-0.11301604004820831,0.7511798209926699,0.5293074826275643,6.9877125e-4,-7.266187122508367,-0.8105177173158564
0.475218994421598,223.6068,2.032399744442717,5.409889152267541,223.6068,7.3433685923515,N,Atlantic halibut,Hippoglossus hippoglossus,4.2,41.84070604368534,41.37181523917339,-0.4688908045119504,3.1433685923515,0.17343271816382222,6.9877125e-4,-7.266187122508367,-0.8105177173158564
0.599639346425351,223.6068,2.032399744442717,5.409889152267541,223.6068,8.94222945484133,N,Atlantic halibut,Hippoglossus hippoglossus,4.2,41.84070604368534,41.13732534796331,-0.703380695722025,4.74222945484133,-0.061057173046252355,6.9877125e-4,-7.266187122508367,-0.8105177173158564
0.556524384433253,223.6068,2.032399744442717,5.409889152267541,223.6068,11.0781122864117,N,Atlantic halibut,Hippoglossus hippoglossus,4.2,41.84070604368534,40.828191581283335,-1.0125144624020024,6.8781122864117,-0.37019093972622974,6.9877125e-4,-7.266187122508367,-0.8105177173158564
0.567447349709351,223.6068,2.032399744442717,5.409889152267541,223.6068,12.9454841334418,Y,Atlantic halibut,Hippoglossus hippoglossus,4.2,41.84070604368534,40.561702175639724,-1.2790038680456135,8.7454841334418,-0.6366803453698409,6.9877125e-4,-7.266187122508367,-0.8105177173158564
0.519813955534053,223.6068,2.032399744442717,5.409889152267541,223.6068,14.8494711147274,Y,Atlantic halibut,Hippoglossus hippoglossus,4.2,41.84070604368534,40.29354559680199,-1.5471604468833462,10.649471114727401,-0.9048369242075736,6.9877125e-4,-7.266187122508367,-0.8105177173158564
0.103002367953693,3872.983,4.8842908823180435,8.261780290142868,3872.983,2.34611589817799,N,Atlantic halibut,Hippoglossus hippoglossus,4.2,41.84070604368534,42.12226289790997,0.2815568542246325,-1.8538841018220102,0.9238803769004051,0.012103071875000001,-4.414295984633042,2.041373420559469
0.176511543774255,3872.983,4.8842908823180435,8.261780290142868,3872.983,4.46188252318621,N,Atlantic halibut,Hippoglossus hippoglossus,4.2,41.84070604368534,41.80123601246397,-0.03947003122137005,0.26188252318620986,0.6028534914544026,0.012103071875000001,-4.414295984633042,2.041373420559469
0.191393146089587,3872.983,4.8842908823180435,8.261780290142868,3872.983,6.84715187791883,N,Atlantic halibut,Hippoglossus hippoglossus,4.2,41.84070604368534,41.44513522150325,-0.39557082218208706,2.64715187791883,0.24675270049368558,0.012103071875000001,-4.414295984633042,2.041373420559469
0.247643886075116,3872.983,4.8842908823180435,8.261780290142868,3872.983,9.63068144445175,N,Atlantic halibut,Hippoglossus hippoglossus,4.2,41.84070604368534,41.03717326777738,-0.8035327759079536,5.430681444451749,-0.16120925323218094,0.012103071875000001,-4.414295984633042,2.041373420559469
0.19584687232783,3872.983,4.8842908823180435,8.261780290142868,3872.983,12.4837696507268,Y,Atlantic halibut,Hippoglossus hippoglossus,4.2,41.84070604368534,40.627268391290514,-1.2134376523948234,8.2837696507268,-0.5711141297190507,0.012103071875000001,-4.414295984633042,2.041373420559469
0.162448529895415,3872.983,4.8842908823180435,8.261780290142868,3872.983,15.0288758797605,Y,Atlantic halibut,Hippoglossus hippoglossus,4.2,41.84070604368534,40.268460988993475,-1.5722450546918623,10.8288758797605,-0.9299215320160896,0.012103071875000001,-4.414295984633042,2.041373420559469
4.58394160583941,1.7,-2.846861156762654,0.5306282510621704,;,13.159184324286,N,Turbot,Scophthalmus maximus,8.9,41.14348456378702,40.531427060587596,-0.6120575031994235,4.259184324286,0.030266019476349104,6.8e-5,-9.596002852788168,-3.1403334475956566
5.71532846715328,1.7,-2.846861156762654,0.5306282510621704,;,16.5755616185954,N,Turbot,Scophthalmus maximus,8.9,41.14348456378702,40.05348977972717,-1.0899947840598472,7.675561618595401,-0.44767126138407454,6.8e-5,-9.596002852788168,-3.1403334475956566
6.70072992700729,1.7,-2.846861156762654,0.5306282510621704,;,19.6110126851392,N,Turbot,Scophthalmus maximus,8.9,41.14348456378702,39.63820084779063,-1.5052837159963914,10.7110126851392,-0.8629601933206188,6.8e-5,-9.596002852788168,-3.1403334475956566
7.08029197080291,1.7,-2.846861156762654,0.5306282510621704,;,22.5849160229608,Y,Turbot,Scophthalmus maximus,8.9,41.14348456378702,39.23960003530714,-1.9038845284798782,13.6849160229608,-1.2615610058041056,6.8e-5,-9.596002852788168,-3.1403334475956566
6.27007299270072,1.7,-2.846861156762654,0.5306282510621704,;,25.5900715753667,Y,Turbot,Scophthalmus maximus,8.9,41.14348456378702,38.844871931713776,-2.298612632073244,16.6900715753667,-1.6562891093974712,6.8e-5,-9.596002852788168,-3.1403334475956566
4.92700729927007,1.7,-2.846861156762654,0.5306282510621704,;,28.4073949401176,Y,Turbot,Scophthalmus maximus,8.9,41.14348456378702,38.48196070111469,-2.6615238626723325,19.5073949401176,-2.01920033999656,6.8e-5,-9.596002852788168,-3.1403334475956566
2.17518248175182,1.9,-2.7356355216524295,0.6418538861723947,;,10.117833604989,N,Turbot,Scophthalmus maximus,8.9,41.14348456378702,40.966599255312495,-0.17688530847452455,1.217833604989,0.4654382142012481,7.599999999999999e-5,-9.484777217677943,-3.0291078124854316
3.75182481751824,1.9,-2.7356355216524295,0.6418538861723947,;,13.1920310396144,N,Turbot,Scophthalmus maximus,8.9,41.14348456378702,40.52677764100473,-0.6167069227822921,4.2920310396144,0.02561659989348053,7.599999999999999e-5,-9.484777217677943,-3.0291078124854316
5.36496350364963,1.9,-2.7356355216524295,0.6418538861723947,;,16.2467755651619,N,Turbot,Scophthalmus maximus,8.9,41.14348456378702,40.09899487841115,-1.044489685375872,7.3467755651619004,-0.4021661627000994,7.599999999999999e-5,-9.484777217677943,-3.0291078124854316
6.63503649635036,1.9,-2.7356355216524295,0.6418538861723947,;,19.388260931188402,N,Turbot,Scophthalmus maximus,8.9,41.14348456378702,39.66838315192477,-1.4751014118622479,10.488260931188401,-0.8327778891864752,7.599999999999999e-5,-9.484777217677943,-3.0291078124854316
7.64233576642335,1.9,-2.7356355216524295,0.6418538861723947,;,22.3377684076252,N,Turbot,Scophthalmus maximus,8.9,41.14348456378702,39.2724202553376,-1.8710643084494194,13.437768407625201,-1.2287407857736468,7.599999999999999e-5,-9.484777217677943,-3.0291078124854316
7.4963503649635,1.9,-2.7356355216524295,0.6418538861723947,;,25.233541208985802,Y,Turbot,Scophthalmus maximus,8.9,41.14348456378702,38.89128661117538,-2.2521979526116382,16.3335412089858,-1.6098744299358656,7.599999999999999e-5,-9.484777217677943,-3.0291078124854316
2.52554744525547,4.4,-1.8958848669006088,1.4816045409242156,;,10.0971050953157,N,Turbot,Scophthalmus maximus,8.9,41.14348456378702,40.969597261412716,-0.17388730237430394,1.197105095315699,0.4684362203014687,1.7600000000000002e-4,-8.645026562926121,-2.1893571577336104
4.51824817518248,4.4,-1.8958848669006088,1.4816045409242156,;,16.169442279073,N,Turbot,Scophthalmus maximus,8.9,41.14348456378702,40.109713090151025,-1.0337714736359942,7.269442279072999,-0.39144795096022156,1.7600000000000002e-4,-8.645026562926121,-2.1893571577336104
5.10948905109488,4.4,-1.8958848669006088,1.4816045409242156,;,19.3101303947275,N,Turbot,Scophthalmus maximus,8.9,41.14348456378702,39.67898053506898,-1.4645040287180393,10.410130394727501,-0.8221805060422667,1.7600000000000002e-4,-8.645026562926121,-2.1893571577336104
5.36496350364963,4.4,-1.8958848669006088,1.4816045409242156,;,22.2759017787541,Y,Turbot,Scophthalmus maximus,8.9,41.14348456378702,39.28064449103996,-1.862840072747062,13.3759017787541,-1.2205165500712893,1.7600000000000002e-4,-8.645026562926121,-2.1893571577336104
4.82481751824817,4.4,-1.8958848669006088,1.4816045409242156,;,25.0584650272836,Y,Turbot,Scophthalmus maximus,8.9,41.14348456378702,38.914119423653545,-2.229365140133474,16.158465027283597,-1.5870416174577016,1.7600000000000002e-4,-8.645026562926121,-2.1893571577336104
1.10404624277456,13.7,-0.7600935749907451,2.617395832834079,;,9.88147113002604,N,Turbot,Scophthalmus maximus,8.9,41.14348456378702,41.000810881150926,-0.1426736826360937,0.9814711300260388,0.49964984003967894,5.48e-4,-7.509235271016259,-1.0535658658237477
1.72254335260115,13.7,-0.7600935749907451,2.617395832834079,;,12.7501746808105,N,Turbot,Scophthalmus maximus,8.9,41.14348456378702,40.58941144115018,-0.5540731226368365,3.8501746808105004,0.08825040003893614,5.48e-4,-7.509235271016259,-1.0535658658237477
2.52023121387283,13.7,-0.7600935749907451,2.617395832834079,;,15.4932350886108,N,Turbot,Scophthalmus maximus,8.9,41.14348456378702,40.20367848792177,-0.9398060758652491,6.5932350886108,-0.2974825531894765,5.48e-4,-7.509235271016259,-1.0535658658237477
3.03179190751445,13.7,-0.7600935749907451,2.617395832834079,;,18.3713396430159,N,Turbot,Scophthalmus maximus,8.9,41.14348456378702,39.80675937969586,-1.3367251840911578,9.4713396430159,-0.6944016614153852,5.48e-4,-7.509235271016259,-1.0535658658237477
2.90751445086705,13.7,-0.7600935749907451,2.617395832834079,;,21.2833640348091,Y,Turbot,Scophthalmus maximus,8.9,41.14348456378702,39.41305992701355,-1.7304246367734706,12.3833640348091,-1.088101114097698,5.48e-4,-7.509235271016259,-1.0535658658237477
2.45953757225433,13.7,-0.7600935749907451,2.617395832834079,;,24.4656037604014,Y,Turbot,Scophthalmus maximus,8.9,41.14348456378702,38.99163778576095,-2.1518467780260693,15.5656037604014,-1.5095232553502966,5.48e-4,-7.509235271016259,-1.0535658658237477
0.965317919075144,54,0.6114946387394502,3.9889840465642745,;,10.0914692244172,N,Turbot,Scophthalmus maximus,8.9,41.14348456378702,40.97041246464394,-0.1730720991430772,1.1914692244171992,0.46925142353269544,0.00216,-6.137647057286063,0.3180223479064477
1.39017341040462,54,0.6114946387394502,3.9889840465642745,;,12.8453280823223,N,Turbot,Scophthalmus maximus,8.9,41.14348456378702,40.57590695284304,-0.5675776109439781,3.9453280823223,0.07474591173179457,0.00216,-6.137647057286063,0.3180223479064477
1.84104046242774,54,0.6114946387394502,3.9889840465642745,;,15.8166804293971,N,Turbot,Scophthalmus maximus,8.9,41.14348456378702,40.15867782393495,-0.9848067398520683,6.9166804293971005,-0.3424832171762957,0.00216,-6.137647057286063,0.3180223479064477
2.09537572254335,54,0.6114946387394502,3.9889840465642745,;,18.8272883186178,N,Turbot,Scophthalmus maximus,8.9,41.14348456378702,39.744597561139045,-1.3988870026479745,9.9272883186178,-0.7565634799722019,0.00216,-6.137647057286063,0.3180223479064477
2.16473988439306,54,0.6114946387394502,3.9889840465642745,;,21.7222892714222,Y,Turbot,Scophthalmus maximus,8.9,41.14348456378702,39.354392540203975,-1.789092023583045,12.822289271422198,-1.1467685009072723,0.00216,-6.137647057286063,0.3180223479064477
1.53757225433526,54,0.6114946387394502,3.9889840465642745,;,24.8103919202185,Y,Turbot,Scophthalmus maximus,8.9,41.14348456378702,38.94651818125994,-2.19696638252708,15.9103919202185,-1.5546428598513073,0.00216,-6.137647057286063,0.3180223479064477
0.210982658959537,499,2.8351166879266945,6.212606095751519,;,10.0259162802515,N,Turbot,Scophthalmus maximus,8.9,41.14348456378702,40.97989678518935,-0.16358777859767315,1.1259162802515004,0.4787357440780995,0.01996,-3.914025008098819,2.541644397093692
0.410404624277456,499,2.8351166879266945,6.212606095751519,;,12.9094835800038,N,Turbot,Scophthalmus maximus,8.9,41.14348456378702,40.5668068612402,-0.5766777025468173,4.009483580003799,0.06564582012895537,0.01996,-3.914025008098819,2.541644397093692
0.647398843930636,499,2.8351166879266945,6.212606095751519,;,15.8776599123419,N,Turbot,Scophthalmus maximus,8.9,41.14348456378702,40.1502050867229,-0.9932794770641209,6.977659912341899,-0.35095595438834826,0.01996,-3.914025008098819,2.541644397093692
0.699421965317919,499,2.8351166879266945,6.212606095751519,;,18.8401194181541,N,Turbot,Scophthalmus maximus,8.9,41.14348456378702,39.74285104009801,-1.4006335236890095,9.940119418154099,-0.7583100010132369,0.01996,-3.914025008098819,2.541644397093692
0.578034682080924,499,2.8351166879266945,6.212606095751519,;,21.8178237947024,Y,Turbot,Scophthalmus maximus,8.9,41.14348456378702,39.341646393583844,-1.801838170203176,12.917823794702398,-1.1595146475274034,0.01996,-3.914025008098819,2.541644397093692
0.421965317919075,499,2.8351166879266945,6.212606095751519,;,24.7985771453979,Y,Turbot,Scophthalmus maximus,8.9,41.14348456378702,38.94806255628857,-2.1954220074984505,15.8985771453979,-1.5530984848226779,0.01996,-3.914025008098819,2.541644397093692
0.752645502645503,7.473753,-1.3660921252070106,2.0113972826178137,;,0,N,Arctic cod,Boreogadus saida,3,42.02252334316903,42.48405572475243,0.46153238158340315,-3,1.1038559042591758,0.0128415,-4.355073165113624,2.100596240078887
0.921957671957672,7.473753,-1.3660921252070106,2.0113972826178137,;,2,N,Arctic cod,Boreogadus saida,3,42.02252334316903,42.17524921394195,0.152725870772926,-1,0.7950493934486986,0.0128415,-4.355073165113624,2.100596240078887
1.260582010582,7.473753,-1.3660921252070106,2.0113972826178137,;,5,N,Arctic cod,Boreogadus saida,3,42.02252334316903,41.72036606584982,-0.3021572773192105,2,0.34016624535656215,0.0128415,-4.355073165113624,2.100596240078887
1.14087301587301,7.473753,-1.3660921252070106,2.0113972826178137,;,9,Y,Arctic cod,Boreogadus saida,3,42.02252334316903,41.12890243209685,-0.8936209110721762,6,-0.2512973883964036,0.0128415,-4.355073165113624,2.100596240078887
-0.158730158730158,7.473753,-1.3660921252070106,2.0113972826178137,;,16,Y,Arctic cod,Boreogadus saida,3,42.02252334316903,40.133217434605314,-1.8893059085637134,13,-1.2469823858879407,0.0128415,-4.355073165113624,2.100596240078887
0.729276895943562,1.18953,-3.203931136701027,0.17355827112379765,;,0,N,Arctic cod,Boreogadus saida,3,42.02252334316903,42.48405572475243,0.46153238158340315,-3,1.1038559042591758,0.0020438659793814433,-6.19291217660764,0.2627572285848707
1.36243386243386,1.18953,-3.203931136701027,0.17355827112379765,;,2,N,Arctic cod,Boreogadus saida,3,42.02252334316903,42.17524921394195,0.152725870772926,-1,0.7950493934486986,0.0020438659793814433,-6.19291217660764,0.2627572285848707
1.8395061728395,1.18953,-3.203931136701027,0.17355827112379765,;,5,N,Arctic cod,Boreogadus saida,3,42.02252334316903,41.72036606584982,-0.3021572773192105,2,0.34016624535656215,0.0020438659793814433,-6.19291217660764,0.2627572285848707
2.25396825396825,1.18953,-3.203931136701027,0.17355827112379765,;,9,N,Arctic cod,Boreogadus saida,3,42.02252334316903,41.12890243209685,-0.8936209110721762,6,-0.2512973883964036,0.0020438659793814433,-6.19291217660764,0.2627572285848707
1.9426807760141,1.18953,-3.203931136701027,0.17355827112379765,;,12,Y,Arctic cod,Boreogadus saida,3,42.02252334316903,40.696194358113715,-1.3263289850553122,9,-0.6840054623795395,0.0020438659793814433,-6.19291217660764,0.2627572285848707
4.03,10,-1.0749043148307784,2.302585092994046,;,35,Y,Cobia,Rachycentron canadum,24.5,38.98713193756468,37.658672144138,-1.3284597934266813,10.5,-0.6861362707509087,1.4705882352941175e-4,-8.824677891164198,-2.369008485971687
6.43,10,-1.0749043148307784,2.302585092994046,;,33,N,Cobia,Rachycentron canadum,24.5,38.98713193756468,37.90468666083987,-1.0824452767248118,8.5,-0.4401217540490392,1.4705882352941175e-4,-8.824677891164198,-2.369008485971687
6.11,10,-1.0749043148307784,2.302585092994046,;,31,N,Cobia,Rachycentron canadum,24.5,38.98713193756468,38.15393661422366,-0.8331953233410232,6.5,-0.19087180066525056,1.4705882352941175e-4,-8.824677891164198,-2.369008485971687
5.19,10,-1.0749043148307784,2.302585092994046,;,27,N,Cobia,Rachycentron canadum,24.5,38.98713193756468,38.66240153661878,-0.3247304009459029,2.5,0.31759312172986975,1.4705882352941175e-4,-8.824677891164198,-2.369008485971687
2.67,10,-1.0749043148307784,2.302585092994046,;,23,N,Cobia,Rachycentron canadum,24.5,38.98713193756468,39.184601793740086,0.19746985617540247,-1.5,0.8397933788511751,1.4705882352941175e-4,-8.824677891164198,-2.369008485971687
2.97,30,0.023707973837331142,3.4011973816621555,;,35,Y,Cobia,Rachycentron canadum,24.5,38.98713193756468,37.658672144138,-1.3284597934266813,10.5,-0.6861362707509087,4.411764705882353e-4,-7.726065602496089,-1.2703961973035778
5.11,30,0.023707973837331142,3.4011973816621555,;,33,N,Cobia,Rachycentron canadum,24.5,38.98713193756468,37.90468666083987,-1.0824452767248118,8.5,-0.4401217540490392,4.411764705882353e-4,-7.726065602496089,-1.2703961973035778
4.78,30,0.023707973837331142,3.4011973816621555,;,31,N,Cobia,Rachycentron canadum,24.5,38.98713193756468,38.15393661422366,-0.8331953233410232,6.5,-0.19087180066525056,4.411764705882353e-4,-7.726065602496089,-1.2703961973035778
4.04,30,0.023707973837331142,3.4011973816621555,;,27,N,Cobia,Rachycentron canadum,24.5,38.98713193756468,38.66240153661878,-0.3247304009459029,2.5,0.31759312172986975,4.411764705882353e-4,-7.726065602496089,-1.2703961973035778
2.12,30,0.023707973837331142,3.4011973816621555,;,23,N,Cobia,Rachycentron canadum,24.5,38.98713193756468,39.184601793740086,0.19746985617540247,-1.5,0.8397933788511751,4.411764705882353e-4,-7.726065602496089,-1.2703961973035778
2.14,70,0.871005834224535,4.248495242049359,;,35,Y,Cobia,Rachycentron canadum,24.5,38.98713193756468,37.658672144138,-1.3284597934266813,10.5,-0.6861362707509087,0.0010294117647058824,-6.878767742108884,-0.42309833691637344
3.85,70,0.871005834224535,4.248495242049359,;,33,N,Cobia,Rachycentron canadum,24.5,38.98713193756468,37.90468666083987,-1.0824452767248118,8.5,-0.4401217540490392,0.0010294117647058824,-6.878767742108884,-0.42309833691637344
3.66,70,0.871005834224535,4.248495242049359,;,31,N,Cobia,Rachycentron canadum,24.5,38.98713193756468,38.15393661422366,-0.8331953233410232,6.5,-0.19087180066525056,0.0010294117647058824,-6.878767742108884,-0.42309833691637344
2.98,70,0.871005834224535,4.248495242049359,;,27,N,Cobia,Rachycentron canadum,24.5,38.98713193756468,38.66240153661878,-0.3247304009459029,2.5,0.31759312172986975,0.0010294117647058824,-6.878767742108884,-0.42309833691637344
1.25,70,0.871005834224535,4.248495242049359,;,23,N,Cobia,Rachycentron canadum,24.5,38.98713193756468,39.184601793740086,0.19746985617540247,-1.5,0.8397933788511751,0.0010294117647058824,-6.878767742108884,-0.42309833691637344
1.14,200,1.920827958723212,5.298317366548036,;,35,Y,Cobia,Rachycentron canadum,24.5,38.98713193756468,37.658672144138,-1.3284597934266813,10.5,-0.6861362707509087,0.0029411764705882353,-5.8289456176102075,0.6267237875823035
2.39,200,1.920827958723212,5.298317366548036,;,33,N,Cobia,Rachycentron canadum,24.5,38.98713193756468,37.90468666083987,-1.0824452767248118,8.5,-0.4401217540490392,0.0029411764705882353,-5.8289456176102075,0.6267237875823035
2.26,200,1.920827958723212,5.298317366548036,;,31,N,Cobia,Rachycentron canadum,24.5,38.98713193756468,38.15393661422366,-0.8331953233410232,6.5,-0.19087180066525056,0.0029411764705882353,-5.8289456176102075,0.6267237875823035
1.84,200,1.920827958723212,5.298317366548036,;,27,N,Cobia,Rachycentron canadum,24.5,38.98713193756468,38.66240153661878,-0.3247304009459029,2.5,0.31759312172986975,0.0029411764705882353,-5.8289456176102075,0.6267237875823035
0.78,200,1.920827958723212,5.298317366548036,;,23,N,Cobia,Rachycentron canadum,24.5,38.98713193756468,39.184601793740086,0.19746985617540247,-1.5,0.8397933788511751,0.0029411764705882353,-5.8289456176102075,0.6267237875823035
1.76,6,-1.5857299385967694,1.791759469228055,;,33,Y,Yellow catfish,Pelteobagrus fulvidraco,20.5,39.51820133225311,37.90468666083987,-1.6135146714132418,12.5,-0.9711911487374691,0.02,-3.912023005428146,2.543646399764365
1.79,16,-0.6049006855850432,2.772588722239781,;,33,Y,Yellow catfish,Pelteobagrus fulvidraco,20.5,39.51820133225311,37.90468666083987,-1.6135146714132418,12.5,-0.9711911487374691,0.05333333333333334,-2.9311937524164198,3.524475652776091
1.31,36,0.2060295306312856,3.58351893845611,;,33,Y,Yellow catfish,Pelteobagrus fulvidraco,20.5,39.51820133225311,37.90468666083987,-1.6135146714132418,12.5,-0.9711911487374691,0.12,-2.120263536200091,4.33540586899242
2.31,6,-1.5857299385967694,1.791759469228055,;,30,Y,Yellow catfish,Pelteobagrus fulvidraco,20.5,39.51820133225311,38.279794891031266,-1.2384064412218478,9.5,-0.5960829185460752,0.02,-3.912023005428146,2.543646399764365
1.97,16,-0.6049006855850432,2.772588722239781,;,30,Y,Yellow catfish,Pelteobagrus fulvidraco,20.5,39.51820133225311,38.279794891031266,-1.2384064412218478,9.5,-0.5960829185460752,0.05333333333333334,-2.9311937524164198,3.524475652776091
1.63,36,0.2060295306312856,3.58351893845611,;,30,Y,Yellow catfish,Pelteobagrus fulvidraco,20.5,39.51820133225311,38.279794891031266,-1.2384064412218478,9.5,-0.5960829185460752,0.12,-2.120263536200091,4.33540586899242
2.57,6,-1.5857299385967694,1.791759469228055,;,27,N,Yellow catfish,Pelteobagrus fulvidraco,20.5,39.51820133225311,38.66240153661878,-0.8557997956343328,6.5,-0.2134762729585602,0.02,-3.912023005428146,2.543646399764365
2.18,16,-0.6049006855850432,2.772588722239781,;,27,N,Yellow catfish,Pelteobagrus fulvidraco,20.5,39.51820133225311,38.66240153661878,-0.8557997956343328,6.5,-0.2134762729585602,0.05333333333333334,-2.9311937524164198,3.524475652776091
1.81,36,0.2060295306312856,3.58351893845611,;,27,N,Yellow catfish,Pelteobagrus fulvidraco,20.5,39.51820133225311,38.66240153661878,-0.8557997956343328,6.5,-0.2134762729585602,0.12,-2.120263536200091,4.33540586899242
2.21,6,-1.5857299385967694,1.791759469228055,;,24,N,Yellow catfish,Pelteobagrus fulvidraco,20.5,39.51820133225311,39.05273370760938,-0.46546762464373614,3.5,0.1768558980320365,0.02,-3.912023005428146,2.543646399764365
2.03,16,-0.6049006855850432,2.772588722239781,;,24,N,Yellow catfish,Pelteobagrus fulvidraco,20.5,39.51820133225311,39.05273370760938,-0.46546762464373614,3.5,0.1768558980320365,0.05333333333333334,-2.9311937524164198,3.524475652776091
1.65,36,0.2060295306312856,3.58351893845611,;,24,N,Yellow catfish,Pelteobagrus fulvidraco,20.5,39.51820133225311,39.05273370760938,-0.46546762464373614,3.5,0.1768558980320365,0.12,-2.120263536200091,4.33540586899242
1.1,6,-1.5857299385967694,1.791759469228055,;,21,N,Yellow catfish,Pelteobagrus fulvidraco,20.5,39.51820133225311,39.45102777907913,-0.06717355317397988,0.5,0.5751499695017928,0.02,-3.912023005428146,2.543646399764365
1.24,16,-0.6049006855850432,2.772588722239781,;,21,N,Yellow catfish,Pelteobagrus fulvidraco,20.5,39.51820133225311,39.45102777907913,-0.06717355317397988,0.5,0.5751499695017928,0.05333333333333334,-2.9311937524164198,3.524475652776091
0.74,36,0.2060295306312856,3.58351893845611,;,21,N,Yellow catfish,Pelteobagrus fulvidraco,20.5,39.51820133225311,39.45102777907913,-0.06717355317397988,0.5,0.5751499695017928,0.12,-2.120263536200091,4.33540586899242
0.699332534870374,132.4764,1.5089151085298642,4.8864045163546885,132.4764,3.98630136986301,N,Spotted wolffish,Anarhichas minor,4.1,41.85579737138368,41.87296923519545,0.017171863811768162,-0.11369863013698955,0.6594953864875408,0.004748258064516129,-5.349977451454769,1.1056919537377423
0.842258652094717,132.4764,1.5089151085298642,4.8864045163546885,132.4764,5.76712328767123,N,Spotted wolffish,Anarhichas minor,4.1,41.85579737138368,41.60561992189841,-0.2501774494852711,1.66712328767123,0.39214607319050154,0.004748258064516129,-5.349977451454769,1.1056919537377423
1.02343613543927,132.4764,1.5089151085298642,4.8864045163546885,132.4764,7.54794520547945,N,Spotted wolffish,Anarhichas minor,4.1,41.85579737138368,41.341662877942575,-0.5141344934411052,3.44794520547945,0.12818902923466746,0.004748258064516129,-5.349977451454769,1.1056919537377423
0.609834817975397,132.4764,1.5089151085298642,4.8864045163546885,132.4764,11.1095890410958,Y,Spotted wolffish,Anarhichas minor,4.1,41.85579737138368,40.82367057646891,-1.0321267949147668,7.009589041095801,-0.38980327223899414,0.004748258064516129,-5.349977451454769,1.1056919537377423
0.518391059734022,217.4856,2.0046432336155897,5.382132641440414,217.4856,3.98460551635663,N,Spotted wolffish,Anarhichas minor,4.1,41.85579737138368,41.87322546599552,0.017428094611837253,-0.11539448364336957,0.6597516172876099,0.007795182795698925,-4.854249326369043,1.6014200788234678
0.750816302632338,217.4856,2.0046432336155897,5.382132641440414,217.4856,5.98588838999358,N,Spotted wolffish,Anarhichas minor,4.1,41.85579737138368,41.57301265755881,-0.28278471382486714,1.88588838999358,0.3595388088509055,0.007795182795698925,-4.854249326369043,1.6014200788234678
0.548365559561865,217.4856,2.0046432336155897,5.382132641440414,217.4856,7.9974342527261,Y,Spotted wolffish,Anarhichas minor,4.1,41.85579737138368,41.27556721995447,-0.5802301514292125,3.8974342527261,0.062093371246560114,0.007795182795698925,-4.854249326369043,1.6014200788234678
0.591007300494797,217.4856,2.0046432336155897,5.382132641440414,217.4856,8.987812700449,Y,Spotted wolffish,Anarhichas minor,4.1,41.85579737138368,41.13067904704026,-0.7251183243434198,4.887812700449,-0.08279480166764719,0.007795182795698925,-4.854249326369043,1.6014200788234678
0.346183975265357,217.4856,2.0046432336155897,5.382132641440414,217.4856,11.9846055163566,Y,Spotted wolffish,Anarhichas minor,4.1,41.85579737138368,40.69839155510866,-1.1574058162750234,7.884605516356601,-0.5150822935992507,0.007795182795698925,-4.854249326369043,1.6014200788234678
0.31527890282952997,369.8648,2.5356481256312176,5.913137533456042,369.8648,3.98372725145356,N,Spotted wolffish,Anarhichas minor,4.1,41.85579737138368,41.873358166496,0.017560795112316896,-0.11627274854643943,0.6598843177880895,0.013256802867383512,-4.323244434353415,2.1324249708390957
0.389288707280534,369.8648,2.5356481256312176,5.913137533456042,369.8648,5.99578780623908,N,Spotted wolffish,Anarhichas minor,4.1,41.85579737138368,41.57153834350911,-0.2842590278745689,1.8957878062390803,0.3580644948012037,0.013256802867383512,-4.323244434353415,2.1324249708390957
0.320174328019088,369.8648,2.5356481256312176,5.913137533456042,369.8648,7.99176762131057,Y,Spotted wolffish,Anarhichas minor,4.1,41.85579737138368,41.27639916117716,-0.57939821020652,3.8917676213105707,0.06292531246925259,0.013256802867383512,-4.323244434353415,2.1324249708390957
0.229662164459565,369.8648,2.5356481256312176,5.913137533456042,369.8648,12.0169927816679,Y,Spotted wolffish,Anarhichas minor,4.1,41.85579737138368,40.693769317478065,-1.1620280539056154,7.916992781667901,-0.5197045312298427,0.013256802867383512,-4.323244434353415,2.1324249708390957
